
2024/01/10 (01:55:21) | ===> btop++ v.1.3.0
2024/01/10 (01:55:21) | WARNING: NVML: Failed to get maximum GPU power draw, defaulting to 225W: Not Supported
2024/01/10 (01:55:21) | WARNING: NVML: Failed to get GPU power usage: Not Supported

2024/01/10 (02:06:06) | ===> btop++ v.1.3.0
2024/01/10 (02:06:06) | WARNING: NVML: Failed to get maximum GPU power draw, defaulting to 225W: Not Supported
2024/01/10 (02:06:06) | WARNING: NVML: Failed to get GPU power usage: Not Supported

2024/01/10 (02:34:24) | ===> btop++ v.1.3.0
2024/01/10 (02:34:24) | WARNING: NVML: Failed to get maximum GPU power draw, defaulting to 225W: Not Supported
2024/01/10 (02:34:24) | WARNING: NVML: Failed to get GPU power usage: Not Supported

2024/01/10 (02:52:38) | ===> btop++ v.1.3.0
2024/01/10 (02:52:38) | WARNING: NVML: Failed to get maximum GPU power draw, defaulting to 225W: Not Supported
2024/01/10 (02:52:38) | WARNING: NVML: Failed to get GPU power usage: Not Supported

2024/01/10 (03:00:12) | ===> btop++ v.1.3.0
2024/01/10 (03:00:12) | WARNING: NVML: Failed to get maximum GPU power draw, defaulting to 225W: Not Supported
2024/01/10 (03:00:12) | WARNING: NVML: Failed to get GPU power usage: Not Supported

2024/01/10 (23:20:25) | ===> btop++ v.1.3.0
2024/01/10 (23:20:25) | WARNING: NVML: Failed to get maximum GPU power draw, defaulting to 225W: Not Supported
2024/01/10 (23:20:25) | WARNING: NVML: Failed to get GPU power usage: Not Supported

2024/01/10 (23:38:02) | ===> btop++ v.1.3.0
2024/01/10 (23:38:02) | WARNING: NVML: Failed to get maximum GPU power draw, defaulting to 225W: Not Supported
2024/01/10 (23:38:02) | WARNING: NVML: Failed to get GPU power usage: Not Supported

2024/01/10 (23:38:13) | ===> btop++ v.1.3.0
2024/01/10 (23:38:13) | WARNING: NVML: Failed to get maximum GPU power draw, defaulting to 225W: Not Supported
2024/01/10 (23:38:13) | WARNING: NVML: Failed to get GPU power usage: Not Supported

2024/01/11 (03:12:16) | ===> btop++ v.1.3.0
2024/01/11 (03:12:16) | WARNING: NVML: Failed to get maximum GPU power draw, defaulting to 225W: Not Supported
2024/01/11 (03:12:16) | WARNING: NVML: Failed to get GPU power usage: Not Supported

2024/01/11 (03:13:19) | ===> btop++ v.1.3.0
2024/01/11 (03:13:19) | WARNING: NVML: Failed to get maximum GPU power draw, defaulting to 225W: Not Supported
2024/01/11 (03:13:19) | WARNING: NVML: Failed to get GPU power usage: Not Supported

2024/01/14 (17:28:07) | ===> btop++ v.1.3.0
2024/01/14 (17:28:07) | WARNING: NVML: Failed to get maximum GPU power draw, defaulting to 225W: Not Supported
2024/01/14 (17:28:07) | WARNING: NVML: Failed to get GPU power usage: Not Supported

2024/01/14 (21:21:35) | ===> btop++ v.1.3.0
2024/01/14 (21:21:35) | WARNING: NVML: Failed to get maximum GPU power draw, defaulting to 225W: Not Supported
2024/01/14 (21:21:35) | WARNING: NVML: Failed to get GPU power usage: Not Supported

2024/01/15 (22:07:09) | ===> btop++ v.1.3.0
2024/01/15 (22:07:09) | WARNING: NVML: Failed to get maximum GPU power draw, defaulting to 225W: Not Supported
2024/01/15 (22:07:09) | WARNING: NVML: Failed to get GPU power usage: Not Supported

2024/01/16 (21:02:38) | ===> btop++ v.1.3.0
2024/01/16 (21:02:38) | WARNING: NVML: Failed to get maximum GPU power draw, defaulting to 225W: Not Supported
2024/01/16 (21:02:38) | WARNING: NVML: Failed to get GPU power usage: Not Supported

2024/01/16 (21:03:08) | ===> btop++ v.1.3.0
2024/01/16 (21:03:08) | WARNING: NVML: Failed to get maximum GPU power draw, defaulting to 225W: Not Supported
2024/01/16 (21:03:08) | WARNING: NVML: Failed to get GPU power usage: Not Supported

2024/01/17 (23:05:52) | ===> btop++ v.1.3.0
2024/01/17 (23:05:52) | WARNING: NVML: Failed to get maximum GPU power draw, defaulting to 225W: Not Supported
2024/01/17 (23:05:52) | WARNING: NVML: Failed to get GPU power usage: Not Supported

2024/01/19 (19:52:41) | ===> btop++ v.1.3.0
2024/01/19 (19:52:41) | WARNING: NVML: Failed to get maximum GPU power draw, defaulting to 225W: Not Supported
2024/01/19 (19:52:41) | WARNING: NVML: Failed to get GPU power usage: Not Supported

2024/01/21 (00:12:23) | ===> btop++ v.1.3.0
2024/01/21 (00:12:23) | WARNING: NVML: Failed to get maximum GPU power draw, defaulting to 225W: Not Supported
2024/01/21 (00:12:23) | WARNING: NVML: Failed to get GPU power usage: Not Supported

2024/01/21 (00:56:39) | ===> btop++ v.1.3.0
2024/01/21 (00:56:39) | WARNING: NVML: Failed to get maximum GPU power draw, defaulting to 225W: Not Supported
2024/01/21 (00:56:39) | WARNING: NVML: Failed to get GPU power usage: Not Supported

2024/01/21 (02:50:41) | ===> btop++ v.1.3.0
2024/01/21 (02:50:41) | WARNING: NVML: Failed to get maximum GPU power draw, defaulting to 225W: Not Supported
2024/01/21 (02:50:41) | WARNING: NVML: Failed to get GPU power usage: Not Supported

2024/01/21 (02:52:56) | ===> btop++ v.1.3.0
2024/01/21 (02:52:56) | WARNING: NVML: Failed to get maximum GPU power draw, defaulting to 225W: Not Supported
2024/01/21 (02:52:56) | WARNING: NVML: Failed to get GPU power usage: Not Supported

2024/01/22 (14:23:54) | ===> btop++ v.1.3.0
2024/01/22 (14:23:54) | WARNING: NVML: Failed to get maximum GPU power draw, defaulting to 225W: Not Supported
2024/01/22 (14:23:54) | WARNING: NVML: Failed to get GPU power usage: Not Supported

2024/01/22 (19:47:49) | ===> btop++ v.1.3.0
2024/01/22 (19:47:49) | WARNING: NVML: Failed to get maximum GPU power draw, defaulting to 225W: Not Supported
2024/01/22 (19:47:49) | WARNING: NVML: Failed to get GPU power usage: Not Supported

2024/01/23 (15:06:43) | ===> btop++ v.1.3.0
2024/01/23 (15:06:43) | WARNING: NVML: Failed to get maximum GPU power draw, defaulting to 225W: Not Supported
2024/01/23 (15:06:43) | WARNING: NVML: Failed to get GPU power usage: Not Supported

2024/01/23 (15:07:50) | ===> btop++ v.1.3.0
2024/01/23 (15:07:50) | WARNING: NVML: Failed to get maximum GPU power draw, defaulting to 225W: Not Supported
2024/01/23 (15:07:50) | WARNING: NVML: Failed to get GPU power usage: Not Supported

2024/01/23 (23:36:01) | ===> btop++ v.1.3.0
2024/01/23 (23:36:01) | WARNING: NVML: Failed to get maximum GPU power draw, defaulting to 225W: Not Supported
2024/01/23 (23:36:01) | WARNING: NVML: Failed to get GPU power usage: Not Supported

2024/01/23 (23:36:48) | ===> btop++ v.1.3.0
2024/01/23 (23:36:48) | WARNING: NVML: Failed to get maximum GPU power draw, defaulting to 225W: Not Supported
2024/01/23 (23:36:48) | WARNING: NVML: Failed to get GPU power usage: Not Supported

2024/01/25 (13:16:47) | ===> btop++ v.1.3.0
2024/01/25 (13:16:47) | WARNING: NVML: Failed to get maximum GPU power draw, defaulting to 225W: Not Supported
2024/01/25 (13:16:47) | WARNING: NVML: Failed to get GPU power usage: Not Supported

2024/01/25 (20:00:22) | ===> btop++ v.1.3.0
2024/01/25 (20:00:22) | WARNING: NVML: Failed to get maximum GPU power draw, defaulting to 225W: Not Supported
2024/01/25 (20:00:22) | WARNING: NVML: Failed to get GPU power usage: Not Supported

2024/01/25 (21:25:02) | ===> btop++ v.1.3.0
2024/01/25 (21:25:02) | WARNING: NVML: Failed to get maximum GPU power draw, defaulting to 225W: Not Supported
2024/01/25 (21:25:02) | WARNING: NVML: Failed to get GPU power usage: Not Supported

2024/01/27 (01:29:20) | ===> btop++ v.1.3.0
2024/01/27 (01:29:20) | WARNING: NVML: Failed to get maximum GPU power draw, defaulting to 225W: Not Supported
2024/01/27 (01:29:20) | WARNING: NVML: Failed to get GPU power usage: Not Supported

2024/01/27 (03:15:14) | ===> btop++ v.1.3.0
2024/01/27 (03:15:14) | WARNING: NVML: Failed to get maximum GPU power draw, defaulting to 225W: Not Supported
2024/01/27 (03:15:14) | WARNING: NVML: Failed to get GPU power usage: Not Supported

2024/01/27 (03:23:32) | ===> btop++ v.1.3.0
2024/01/27 (03:23:32) | WARNING: NVML: Failed to get maximum GPU power draw, defaulting to 225W: Not Supported
2024/01/27 (03:23:32) | WARNING: NVML: Failed to get GPU power usage: Not Supported

2024/01/27 (03:24:17) | ===> btop++ v.1.3.0
2024/01/27 (03:24:17) | WARNING: NVML: Failed to get maximum GPU power draw, defaulting to 225W: Not Supported
2024/01/27 (03:24:17) | WARNING: NVML: Failed to get GPU power usage: Not Supported

2024/01/29 (01:14:12) | ===> btop++ v.1.3.0
2024/01/29 (01:14:12) | WARNING: NVML: Failed to get maximum GPU power draw, defaulting to 225W: Not Supported
2024/01/29 (01:14:12) | WARNING: NVML: Failed to get GPU power usage: Not Supported

2024/01/31 (06:58:37) | ===> btop++ v.1.3.0
2024/01/31 (06:58:37) | WARNING: NVML: Failed to get maximum GPU power draw, defaulting to 225W: Not Supported
2024/01/31 (06:58:37) | WARNING: NVML: Failed to get GPU power usage: Not Supported

2024/02/07 (15:39:15) | ===> btop++ v.1.3.0
2024/02/07 (15:39:15) | WARNING: NVML: Failed to get maximum GPU power draw, defaulting to 225W: Not Supported
2024/02/07 (15:39:15) | WARNING: NVML: Failed to get GPU power usage: Not Supported

2024/02/10 (22:10:16) | ===> btop++ v.1.3.0
2024/02/10 (22:10:16) | WARNING: NVML: Failed to get maximum GPU power draw, defaulting to 225W: Not Supported
2024/02/10 (22:10:16) | WARNING: NVML: Failed to get GPU power usage: Not Supported

2024/02/11 (10:24:00) | ===> btop++ v.1.3.0
2024/02/11 (10:24:00) | WARNING: NVML: Failed to get maximum GPU power draw, defaulting to 225W: Not Supported
2024/02/11 (10:24:00) | WARNING: NVML: Failed to get GPU power usage: Not Supported

2024/02/11 (10:27:20) | ===> btop++ v.1.3.0
2024/02/11 (10:27:20) | WARNING: NVML: Failed to get maximum GPU power draw, defaulting to 225W: Not Supported
2024/02/11 (10:27:20) | WARNING: NVML: Failed to get GPU power usage: Not Supported

2024/02/11 (10:40:31) | ===> btop++ v.1.3.0
2024/02/11 (10:40:31) | WARNING: NVML: Failed to get maximum GPU power draw, defaulting to 225W: Not Supported
2024/02/11 (10:40:31) | WARNING: NVML: Failed to get GPU power usage: Not Supported

2024/02/11 (10:45:24) | ===> btop++ v.1.3.0
2024/02/11 (10:45:24) | WARNING: NVML: Failed to get maximum GPU power draw, defaulting to 225W: Not Supported
2024/02/11 (10:45:24) | WARNING: NVML: Failed to get GPU power usage: Not Supported

2024/02/11 (10:48:35) | ===> btop++ v.1.3.0
2024/02/11 (10:48:35) | WARNING: NVML: Failed to get maximum GPU power draw, defaulting to 225W: Not Supported
2024/02/11 (10:48:35) | WARNING: NVML: Failed to get GPU power usage: Not Supported

2024/02/11 (11:17:23) | ===> btop++ v.1.3.0
2024/02/11 (11:17:23) | WARNING: NVML: Failed to get maximum GPU power draw, defaulting to 225W: Not Supported
2024/02/11 (11:17:23) | WARNING: NVML: Failed to get GPU power usage: Not Supported

2024/02/11 (22:06:36) | ===> btop++ v.1.3.0
2024/02/11 (22:06:36) | WARNING: NVML: Failed to get maximum GPU power draw, defaulting to 225W: Not Supported
2024/02/11 (22:06:36) | WARNING: NVML: Failed to get GPU power usage: Not Supported

2024/02/14 (21:02:25) | ===> btop++ v.1.3.0
2024/02/14 (21:02:25) | WARNING: NVML: Failed to get maximum GPU power draw, defaulting to 225W: Not Supported
2024/02/14 (21:02:25) | WARNING: NVML: Failed to get GPU power usage: Not Supported

2024/02/14 (21:04:44) | ===> btop++ v.1.3.0
2024/02/14 (21:04:44) | WARNING: NVML: Failed to get maximum GPU power draw, defaulting to 225W: Not Supported
2024/02/14 (21:04:44) | WARNING: NVML: Failed to get GPU power usage: Not Supported

2024/02/14 (23:00:49) | ===> btop++ v.1.3.0
2024/02/14 (23:00:49) | WARNING: NVML: Failed to get maximum GPU power draw, defaulting to 225W: Not Supported
2024/02/14 (23:00:49) | WARNING: NVML: Failed to get GPU power usage: Not Supported

2024/02/15 (05:59:37) | ===> btop++ v.1.3.0
2024/02/15 (05:59:37) | WARNING: NVML: Failed to get maximum GPU power draw, defaulting to 225W: Not Supported
2024/02/15 (05:59:37) | WARNING: NVML: Failed to get GPU power usage: Not Supported

2024/02/20 (08:06:50) | ===> btop++ v.1.3.0
2024/02/20 (08:06:50) | WARNING: NVML: Failed to get maximum GPU power draw, defaulting to 225W: Not Supported
2024/02/20 (08:06:50) | WARNING: NVML: Failed to get GPU power usage: Not Supported

2024/02/20 (08:07:35) | ===> btop++ v.1.3.0
2024/02/20 (08:07:35) | WARNING: NVML: Failed to get maximum GPU power draw, defaulting to 225W: Not Supported
2024/02/20 (08:07:35) | WARNING: NVML: Failed to get GPU power usage: Not Supported

2024/02/20 (08:30:17) | ===> btop++ v.1.3.0
2024/02/20 (08:30:17) | WARNING: NVML: Failed to get maximum GPU power draw, defaulting to 225W: Not Supported
2024/02/20 (08:30:17) | WARNING: NVML: Failed to get GPU power usage: Not Supported

2024/02/21 (12:00:22) | ===> btop++ v.1.3.2
2024/02/21 (12:00:22) | WARNING: NVML: Failed to get maximum GPU power draw, defaulting to 225W: Not Supported
2024/02/21 (12:00:22) | WARNING: NVML: Failed to get GPU power usage: Not Supported

2024/02/22 (00:18:24) | ===> btop++ v.1.3.2
2024/02/22 (00:18:24) | WARNING: NVML: Failed to get maximum GPU power draw, defaulting to 225W: Not Supported
2024/02/22 (00:18:24) | WARNING: NVML: Failed to get GPU power usage: Not Supported

2024/02/27 (20:50:47) | ===> btop++ v.1.3.2
2024/02/27 (20:50:47) | WARNING: NVML: Failed to get maximum GPU power draw, defaulting to 225W: Not Supported
2024/02/27 (20:50:47) | WARNING: NVML: Failed to get GPU power usage: Not Supported

2024/02/29 (15:58:10) | ===> btop++ v.1.3.2
2024/02/29 (15:58:10) | WARNING: NVML: Failed to get maximum GPU power draw, defaulting to 225W: Not Supported
2024/02/29 (15:58:10) | WARNING: NVML: Failed to get GPU power usage: Not Supported

2024/03/04 (14:39:54) | ===> btop++ v.1.3.2
2024/03/04 (14:39:54) | WARNING: NVML: Failed to get maximum GPU power draw, defaulting to 225W: Not Supported
2024/03/04 (14:39:54) | WARNING: NVML: Failed to get GPU power usage: Not Supported

2024/03/04 (20:15:57) | ===> btop++ v.1.3.2
2024/03/04 (20:15:57) | WARNING: NVML: Failed to get maximum GPU power draw, defaulting to 225W: Not Supported
2024/03/04 (20:15:57) | WARNING: NVML: Failed to get GPU power usage: Not Supported

2024/03/04 (20:37:08) | ===> btop++ v.1.3.2
2024/03/04 (20:37:08) | WARNING: NVML: Failed to get maximum GPU power draw, defaulting to 225W: Not Supported
2024/03/04 (20:37:08) | WARNING: NVML: Failed to get GPU power usage: Not Supported

2024/03/07 (10:59:06) | ===> btop++ v.1.3.2
2024/03/07 (10:59:06) | WARNING: NVML: Failed to get maximum GPU power draw, defaulting to 225W: Not Supported
2024/03/07 (10:59:06) | WARNING: NVML: Failed to get GPU power usage: Not Supported

2024/03/10 (09:41:39) | ===> btop++ v.1.3.2
2024/03/10 (09:41:39) | WARNING: NVML: Failed to get maximum GPU power draw, defaulting to 225W: Not Supported
2024/03/10 (09:41:39) | WARNING: NVML: Failed to get GPU power usage: Not Supported

2024/03/15 (21:09:10) | ===> btop++ v.1.3.2
2024/03/15 (21:09:10) | WARNING: NVML: Failed to get maximum GPU power draw, defaulting to 225W: Not Supported
2024/03/15 (21:09:10) | WARNING: NVML: Failed to get GPU power usage: Not Supported

2024/03/19 (00:12:24) | ===> btop++ v.1.3.2
2024/03/19 (00:12:24) | WARNING: NVML: Failed to get maximum GPU power draw, defaulting to 225W: Not Supported
2024/03/19 (00:12:24) | WARNING: NVML: Failed to get GPU power usage: Not Supported

2024/03/19 (09:06:34) | ===> btop++ v.1.3.2
2024/03/19 (09:06:34) | WARNING: NVML: Failed to get maximum GPU power draw, defaulting to 225W: Not Supported
2024/03/19 (09:06:34) | WARNING: NVML: Failed to get GPU power usage: Not Supported

2024/03/19 (10:45:27) | ===> btop++ v.1.3.2
2024/03/19 (10:45:27) | WARNING: NVML: Failed to get maximum GPU power draw, defaulting to 225W: Not Supported
2024/03/19 (10:45:27) | WARNING: NVML: Failed to get GPU power usage: Not Supported

2024/03/19 (10:46:05) | ===> btop++ v.1.3.2
2024/03/19 (10:46:05) | WARNING: NVML: Failed to get maximum GPU power draw, defaulting to 225W: Not Supported
2024/03/19 (10:46:05) | WARNING: NVML: Failed to get GPU power usage: Not Supported

2024/03/19 (10:48:38) | ===> btop++ v.1.3.2
2024/03/19 (10:48:38) | WARNING: NVML: Failed to get maximum GPU power draw, defaulting to 225W: Not Supported
2024/03/19 (10:48:38) | WARNING: NVML: Failed to get GPU power usage: Not Supported

2024/03/19 (10:50:51) | ===> btop++ v.1.3.2
2024/03/19 (10:50:51) | WARNING: NVML: Failed to get maximum GPU power draw, defaulting to 225W: Not Supported
2024/03/19 (10:50:51) | WARNING: NVML: Failed to get GPU power usage: Not Supported

2024/03/21 (21:58:08) | ===> btop++ v.1.3.2
2024/03/21 (21:58:08) | WARNING: NVML: Failed to get maximum GPU power draw, defaulting to 225W: Not Supported
2024/03/21 (21:58:08) | WARNING: NVML: Failed to get GPU power usage: Not Supported

2024/03/25 (15:57:28) | ===> btop++ v.1.3.2
2024/03/25 (15:57:28) | WARNING: NVML: Failed to get maximum GPU power draw, defaulting to 225W: Not Supported
2024/03/25 (15:57:28) | WARNING: NVML: Failed to get GPU power usage: Not Supported

2024/03/25 (15:57:39) | ===> btop++ v.1.3.2
2024/03/25 (15:57:39) | WARNING: NVML: Failed to get maximum GPU power draw, defaulting to 225W: Not Supported
2024/03/25 (15:57:39) | WARNING: NVML: Failed to get GPU power usage: Not Supported

2024/03/25 (15:58:30) | ===> btop++ v.1.3.2
2024/03/25 (15:58:30) | WARNING: NVML: Failed to get maximum GPU power draw, defaulting to 225W: Not Supported
2024/03/25 (15:58:30) | WARNING: NVML: Failed to get GPU power usage: Not Supported

2024/03/25 (21:38:32) | ===> btop++ v.1.3.2
2024/03/25 (21:38:32) | WARNING: NVML: Failed to get maximum GPU power draw, defaulting to 225W: Not Supported
2024/03/25 (21:38:32) | WARNING: NVML: Failed to get GPU power usage: Not Supported

2024/03/26 (12:00:59) | ===> btop++ v.1.3.2
2024/03/26 (12:00:59) | WARNING: NVML: Failed to get maximum GPU power draw, defaulting to 225W: Not Supported
2024/03/26 (12:00:59) | WARNING: NVML: Failed to get GPU power usage: Not Supported

2024/03/26 (16:04:45) | ===> btop++ v.1.3.2
2024/03/26 (16:04:45) | WARNING: NVML: Failed to get maximum GPU power draw, defaulting to 225W: Not Supported
2024/03/26 (16:04:45) | WARNING: NVML: Failed to get GPU power usage: Not Supported

2024/03/29 (15:17:38) | ===> btop++ v.1.3.2
2024/03/29 (15:17:38) | WARNING: NVML: Failed to get maximum GPU power draw, defaulting to 225W: Not Supported
2024/03/29 (15:17:38) | WARNING: NVML: Failed to get GPU power usage: Not Supported

2024/03/30 (18:39:17) | ===> btop++ v.1.3.2
2024/03/30 (18:39:17) | WARNING: NVML: Failed to get maximum GPU power draw, defaulting to 225W: Not Supported
2024/03/30 (18:39:17) | WARNING: NVML: Failed to get GPU power usage: Not Supported

2024/03/31 (08:41:52) | ===> btop++ v.1.3.2
2024/03/31 (08:41:52) | WARNING: NVML: Failed to get maximum GPU power draw, defaulting to 225W: Not Supported
2024/03/31 (08:41:52) | WARNING: NVML: Failed to get GPU power usage: Not Supported

2024/03/31 (19:08:26) | ===> btop++ v.1.3.2
2024/03/31 (19:08:26) | WARNING: NVML: Failed to get maximum GPU power draw, defaulting to 225W: Not Supported
2024/03/31 (19:08:26) | WARNING: NVML: Failed to get GPU power usage: Not Supported

2024/03/31 (19:09:08) | ===> btop++ v.1.3.2
2024/03/31 (19:09:08) | WARNING: NVML: Failed to get maximum GPU power draw, defaulting to 225W: Not Supported
2024/03/31 (19:09:08) | WARNING: NVML: Failed to get GPU power usage: Not Supported

2024/03/31 (19:09:19) | ===> btop++ v.1.3.2
2024/03/31 (19:09:19) | WARNING: NVML: Failed to get maximum GPU power draw, defaulting to 225W: Not Supported
2024/03/31 (19:09:19) | WARNING: NVML: Failed to get GPU power usage: Not Supported

2024/04/01 (19:13:18) | ===> btop++ v.1.3.2
2024/04/01 (19:13:18) | WARNING: NVML: Failed to get maximum GPU power draw, defaulting to 225W: Not Supported
2024/04/01 (19:13:18) | WARNING: NVML: Failed to get GPU power usage: Not Supported

2024/04/10 (16:04:11) | ===> btop++ v.1.3.2
2024/04/10 (16:04:11) | WARNING: NVML: Failed to get maximum GPU power draw, defaulting to 225W: Not Supported
2024/04/10 (16:04:11) | WARNING: NVML: Failed to get GPU power usage: Not Supported

2024/04/10 (16:08:53) | ===> btop++ v.1.3.2
2024/04/10 (16:08:53) | WARNING: NVML: Failed to get maximum GPU power draw, defaulting to 225W: Not Supported
2024/04/10 (16:08:53) | WARNING: NVML: Failed to get GPU power usage: Not Supported

2024/04/10 (16:17:15) | ===> btop++ v.1.3.2
2024/04/10 (16:17:15) | WARNING: NVML: Failed to get maximum GPU power draw, defaulting to 225W: Not Supported
2024/04/10 (16:17:15) | WARNING: NVML: Failed to get GPU power usage: Not Supported

2024/04/10 (17:55:51) | ===> btop++ v.1.3.2
2024/04/10 (17:55:51) | WARNING: NVML: Failed to get maximum GPU power draw, defaulting to 225W: Not Supported
2024/04/10 (17:55:51) | WARNING: NVML: Failed to get GPU power usage: Not Supported

2024/04/10 (19:45:38) | ===> btop++ v.1.3.2
2024/04/10 (19:45:38) | WARNING: NVML: Failed to get maximum GPU power draw, defaulting to 225W: Not Supported
2024/04/10 (19:45:38) | WARNING: NVML: Failed to get GPU power usage: Not Supported

2024/04/10 (20:00:09) | ===> btop++ v.1.3.2
2024/04/10 (20:00:09) | WARNING: NVML: Failed to get maximum GPU power draw, defaulting to 225W: Not Supported
2024/04/10 (20:00:09) | WARNING: NVML: Failed to get GPU power usage: Not Supported

2024/04/10 (20:44:38) | ===> btop++ v.1.3.2
2024/04/10 (20:44:38) | WARNING: NVML: Failed to get maximum GPU power draw, defaulting to 225W: Not Supported
2024/04/10 (20:44:38) | WARNING: NVML: Failed to get GPU power usage: Not Supported

2024/04/10 (20:45:00) | ===> btop++ v.1.3.2
2024/04/10 (20:45:00) | WARNING: NVML: Failed to get maximum GPU power draw, defaulting to 225W: Not Supported
2024/04/10 (20:45:00) | WARNING: NVML: Failed to get GPU power usage: Not Supported

2024/04/10 (21:25:44) | ===> btop++ v.1.3.2
2024/04/10 (21:25:44) | WARNING: NVML: Failed to get maximum GPU power draw, defaulting to 225W: Not Supported
2024/04/10 (21:25:44) | WARNING: NVML: Failed to get GPU power usage: Not Supported

2024/04/10 (21:34:59) | ===> btop++ v.1.3.2
2024/04/10 (21:34:59) | WARNING: NVML: Failed to get maximum GPU power draw, defaulting to 225W: Not Supported
2024/04/10 (21:34:59) | WARNING: NVML: Failed to get GPU power usage: Not Supported

2024/04/10 (21:41:57) | ===> btop++ v.1.3.2
2024/04/10 (21:41:57) | WARNING: NVML: Failed to get maximum GPU power draw, defaulting to 225W: Not Supported
2024/04/10 (21:41:57) | WARNING: NVML: Failed to get GPU power usage: Not Supported

2024/04/10 (21:42:23) | ===> btop++ v.1.3.2
2024/04/10 (21:42:23) | WARNING: NVML: Failed to get maximum GPU power draw, defaulting to 225W: Not Supported
2024/04/10 (21:42:23) | WARNING: NVML: Failed to get GPU power usage: Not Supported

2024/04/10 (21:45:54) | ===> btop++ v.1.3.2
2024/04/10 (21:45:54) | WARNING: NVML: Failed to get maximum GPU power draw, defaulting to 225W: Not Supported
2024/04/10 (21:45:54) | WARNING: NVML: Failed to get GPU power usage: Not Supported

2024/04/12 (21:51:14) | ===> btop++ v.1.3.2
2024/04/12 (21:51:14) | WARNING: NVML: Failed to get maximum GPU power draw, defaulting to 225W: Not Supported
2024/04/12 (21:51:14) | WARNING: NVML: Failed to get GPU power usage: Not Supported

2024/04/13 (08:11:41) | ===> btop++ v.1.3.2
2024/04/13 (08:11:41) | WARNING: NVML: Failed to get maximum GPU power draw, defaulting to 225W: Not Supported
2024/04/13 (08:11:41) | WARNING: NVML: Failed to get GPU power usage: Not Supported

2024/04/13 (08:40:07) | ===> btop++ v.1.3.2
2024/04/13 (08:40:07) | WARNING: NVML: Failed to get maximum GPU power draw, defaulting to 225W: Not Supported
2024/04/13 (08:40:07) | WARNING: NVML: Failed to get GPU power usage: Not Supported

2024/04/13 (23:15:09) | ===> btop++ v.1.3.2
2024/04/13 (23:15:09) | WARNING: NVML: Failed to get maximum GPU power draw, defaulting to 225W: Not Supported
2024/04/13 (23:15:09) | WARNING: NVML: Failed to get GPU power usage: Not Supported

2024/04/14 (08:21:19) | ===> btop++ v.1.3.2
2024/04/14 (08:21:19) | WARNING: NVML: Failed to get maximum GPU power draw, defaulting to 225W: Not Supported
2024/04/14 (08:21:19) | WARNING: NVML: Failed to get GPU power usage: Not Supported

2024/04/14 (20:33:46) | ===> btop++ v.1.3.2
2024/04/14 (20:33:46) | WARNING: NVML: Failed to get maximum GPU power draw, defaulting to 225W: Not Supported
2024/04/14 (20:33:46) | WARNING: NVML: Failed to get GPU power usage: Not Supported

2024/04/27 (13:07:34) | ===> btop++ v.1.3.2
2024/04/27 (13:07:34) | WARNING: NVML: Failed to get maximum GPU power draw, defaulting to 225W: Not Supported
2024/04/27 (13:07:34) | WARNING: NVML: Failed to get GPU power usage: Not Supported

2024/04/29 (00:01:07) | ===> btop++ v.1.3.2
2024/04/29 (00:01:07) | WARNING: NVML: Failed to get maximum GPU power draw, defaulting to 225W: Not Supported
2024/04/29 (00:01:07) | WARNING: NVML: Failed to get GPU power usage: Not Supported

2024/05/21 (09:20:10) | ===> btop++ v.1.3.2
2024/05/21 (09:20:10) | WARNING: NVML: Failed to get maximum GPU power draw, defaulting to 225W: Not Supported
2024/05/21 (09:20:10) | WARNING: NVML: Failed to get GPU power usage: Not Supported

2024/05/21 (09:55:51) | ===> btop++ v.1.3.2
2024/05/21 (09:55:51) | WARNING: NVML: Failed to get maximum GPU power draw, defaulting to 225W: Not Supported
2024/05/21 (09:55:52) | WARNING: NVML: Failed to get GPU power usage: Not Supported

2024/05/21 (13:44:56) | ===> btop++ v.1.3.2
2024/05/21 (13:44:56) | WARNING: NVML: Failed to get maximum GPU power draw, defaulting to 225W: Not Supported
2024/05/21 (13:44:56) | WARNING: NVML: Failed to get GPU power usage: Not Supported

2024/05/21 (13:47:44) | ===> btop++ v.1.3.2
2024/05/21 (13:47:44) | WARNING: NVML: Failed to get maximum GPU power draw, defaulting to 225W: Not Supported
2024/05/21 (13:47:44) | WARNING: NVML: Failed to get GPU power usage: Not Supported

2024/05/21 (22:00:43) | ===> btop++ v.1.3.2
2024/05/21 (22:00:43) | WARNING: NVML: Failed to get maximum GPU power draw, defaulting to 225W: Not Supported
2024/05/21 (22:00:43) | WARNING: NVML: Failed to get GPU power usage: Not Supported

2024/05/21 (22:06:21) | ===> btop++ v.1.3.2
2024/05/21 (22:06:21) | WARNING: NVML: Failed to get maximum GPU power draw, defaulting to 225W: Not Supported
2024/05/21 (22:06:21) | WARNING: NVML: Failed to get GPU power usage: Not Supported

2024/05/21 (22:20:58) | ===> btop++ v.1.3.2
2024/05/21 (22:20:58) | WARNING: NVML: Failed to get maximum GPU power draw, defaulting to 225W: Not Supported
2024/05/21 (22:20:58) | WARNING: NVML: Failed to get GPU power usage: Not Supported

2024/05/29 (19:17:08) | ===> btop++ v.1.3.2
2024/05/29 (19:17:08) | WARNING: NVML: Failed to get maximum GPU power draw, defaulting to 225W: Not Supported
2024/05/29 (19:17:08) | WARNING: NVML: Failed to get GPU power usage: Not Supported

2024/05/29 (23:37:13) | ===> btop++ v.1.3.2
2024/05/29 (23:37:13) | WARNING: NVML: Failed to get maximum GPU power draw, defaulting to 225W: Not Supported
2024/05/29 (23:37:13) | WARNING: NVML: Failed to get GPU power usage: Not Supported

2024/05/30 (17:19:35) | ===> btop++ v.1.3.2
2024/05/30 (17:19:35) | WARNING: NVML: Failed to get maximum GPU power draw, defaulting to 225W: Not Supported
2024/05/30 (17:19:35) | WARNING: NVML: Failed to get GPU power usage: Not Supported

2024/06/01 (09:57:15) | ===> btop++ v.1.3.2
2024/06/01 (09:57:15) | WARNING: NVML: Failed to get maximum GPU power draw, defaulting to 225W: Not Supported
2024/06/01 (09:57:15) | WARNING: NVML: Failed to get GPU power usage: Not Supported

2024/06/01 (09:58:39) | ===> btop++ v.1.3.2
2024/06/01 (09:58:39) | WARNING: NVML: Failed to get maximum GPU power draw, defaulting to 225W: Not Supported
2024/06/01 (09:58:39) | WARNING: NVML: Failed to get GPU power usage: Not Supported

2024/06/02 (00:45:11) | ===> btop++ v.1.3.2
2024/06/02 (00:45:11) | WARNING: NVML: Failed to get maximum GPU power draw, defaulting to 225W: Not Supported
2024/06/02 (00:45:11) | WARNING: NVML: Failed to get GPU power usage: Not Supported

2024/06/02 (10:10:50) | ===> btop++ v.1.3.2
2024/06/02 (10:10:50) | WARNING: NVML: Failed to get maximum GPU power draw, defaulting to 225W: Not Supported
2024/06/02 (10:10:50) | WARNING: NVML: Failed to get GPU power usage: Not Supported

2024/06/02 (17:33:22) | ===> btop++ v.1.3.2
2024/06/02 (17:33:22) | WARNING: NVML: Failed to get maximum GPU power draw, defaulting to 225W: Not Supported
2024/06/02 (17:33:22) | WARNING: NVML: Failed to get GPU power usage: Not Supported

2024/06/02 (17:33:42) | ===> btop++ v.1.3.2
2024/06/02 (17:33:42) | WARNING: NVML: Failed to get maximum GPU power draw, defaulting to 225W: Not Supported
2024/06/02 (17:33:42) | WARNING: NVML: Failed to get GPU power usage: Not Supported

2024/06/02 (17:33:53) | ===> btop++ v.1.3.2
2024/06/02 (17:33:53) | WARNING: NVML: Failed to get maximum GPU power draw, defaulting to 225W: Not Supported
2024/06/02 (17:33:53) | WARNING: NVML: Failed to get GPU power usage: Not Supported

2024/06/02 (17:34:19) | ===> btop++ v.1.3.2
2024/06/02 (17:34:19) | WARNING: NVML: Failed to get maximum GPU power draw, defaulting to 225W: Not Supported
2024/06/02 (17:34:19) | WARNING: NVML: Failed to get GPU power usage: Not Supported

2024/06/02 (17:41:33) | ===> btop++ v.1.3.2
2024/06/02 (17:41:33) | WARNING: NVML: Failed to get maximum GPU power draw, defaulting to 225W: Not Supported
2024/06/02 (17:41:33) | WARNING: NVML: Failed to get GPU power usage: Not Supported

2024/06/02 (17:44:26) | ===> btop++ v.1.3.2
2024/06/02 (17:44:26) | WARNING: NVML: Failed to get maximum GPU power draw, defaulting to 225W: Not Supported
2024/06/02 (17:44:26) | WARNING: NVML: Failed to get GPU power usage: Not Supported

2024/09/13 (09:54:01) | ===> btop++ v.1.3.2
2024/09/13 (09:54:01) | WARNING: NVML: Failed to get maximum GPU power draw, defaulting to 225W: Not Supported
2024/09/13 (09:54:01) | WARNING: NVML: Failed to get GPU power usage: Not Supported

2024/09/13 (10:21:34) | ===> btop++ v.1.3.2
2024/09/13 (10:21:34) | WARNING: NVML: Failed to get maximum GPU power draw, defaulting to 225W: Not Supported
2024/09/13 (10:21:34) | WARNING: NVML: Failed to get GPU power usage: Not Supported

2024/09/13 (15:53:02) | ===> btop++ v.1.3.2
2024/09/13 (15:53:02) | WARNING: NVML: Failed to get maximum GPU power draw, defaulting to 225W: Not Supported
2024/09/13 (15:53:02) | WARNING: NVML: Failed to get GPU power usage: Not Supported

2024/09/13 (22:40:01) | ===> btop++ v.1.3.2
2024/09/13 (22:40:01) | WARNING: NVML: Failed to get maximum GPU power draw, defaulting to 225W: Not Supported
2024/09/13 (22:40:01) | WARNING: NVML: Failed to get GPU power usage: Not Supported

2024/09/13 (23:53:00) | ===> btop++ v.1.3.2
2024/09/13 (23:53:00) | WARNING: NVML: Failed to get maximum GPU power draw, defaulting to 225W: Not Supported
2024/09/13 (23:53:00) | WARNING: NVML: Failed to get GPU power usage: Not Supported

2024/09/14 (14:32:17) | ===> btop++ v.1.3.2
2024/09/14 (14:32:17) | WARNING: NVML: Failed to get maximum GPU power draw, defaulting to 225W: Not Supported
2024/09/14 (14:32:17) | WARNING: NVML: Failed to get GPU power usage: Not Supported

2024/09/14 (21:38:24) | ===> btop++ v.1.3.2
2024/09/14 (21:38:24) | WARNING: NVML: Failed to get maximum GPU power draw, defaulting to 225W: Not Supported
2024/09/14 (21:38:24) | WARNING: NVML: Failed to get GPU power usage: Not Supported

2024/09/14 (21:49:09) | ===> btop++ v.1.3.2
2024/09/14 (21:49:09) | WARNING: NVML: Failed to get maximum GPU power draw, defaulting to 225W: Not Supported
2024/09/14 (21:49:09) | WARNING: NVML: Failed to get GPU power usage: Not Supported

2024/09/14 (22:43:23) | ===> btop++ v.1.3.2
2024/09/14 (22:43:23) | WARNING: NVML: Failed to get maximum GPU power draw, defaulting to 225W: Not Supported
2024/09/14 (22:43:23) | WARNING: NVML: Failed to get GPU power usage: Not Supported

2024/09/17 (13:30:47) | ===> btop++ v.1.3.2
2024/09/17 (13:30:47) | WARNING: NVML: Failed to get maximum GPU power draw, defaulting to 225W: Not Supported
2024/09/17 (13:30:47) | WARNING: NVML: Failed to get GPU power usage: Not Supported

2024/09/20 (12:33:13) | ===> btop++ v.1.3.2
2024/09/20 (12:33:13) | WARNING: NVML: Failed to get maximum GPU power draw, defaulting to 225W: Not Supported
2024/09/20 (12:33:13) | WARNING: NVML: Failed to get GPU power usage: Not Supported

2024/09/20 (15:17:37) | ===> btop++ v.1.3.2
2024/09/20 (15:17:37) | WARNING: NVML: Failed to get maximum GPU power draw, defaulting to 225W: Not Supported
2024/09/20 (15:17:37) | WARNING: NVML: Failed to get GPU power usage: Not Supported

2024/09/20 (22:32:51) | ===> btop++ v.1.3.2
2024/09/20 (22:32:51) | WARNING: NVML: Failed to get maximum GPU power draw, defaulting to 225W: Not Supported
2024/09/20 (22:32:51) | WARNING: NVML: Failed to get GPU power usage: Not Supported

2024/09/21 (09:51:28) | ===> btop++ v.1.3.2
2024/09/21 (09:51:28) | WARNING: NVML: Failed to get maximum GPU power draw, defaulting to 225W: Not Supported
2024/09/21 (09:51:28) | WARNING: NVML: Failed to get GPU power usage: Not Supported

2024/09/22 (13:32:21) | ===> btop++ v.1.3.2
2024/09/22 (13:32:21) | WARNING: NVML: Failed to get maximum GPU power draw, defaulting to 225W: Not Supported
2024/09/22 (13:32:21) | WARNING: NVML: Failed to get GPU power usage: Not Supported

2024/09/23 (09:53:24) | ===> btop++ v.1.3.2
2024/09/23 (09:53:24) | WARNING: NVML: Failed to get maximum GPU power draw, defaulting to 225W: Not Supported
2024/09/23 (09:53:24) | WARNING: NVML: Failed to get GPU power usage: Not Supported

2024/09/23 (13:00:56) | ===> btop++ v.1.3.2
2024/09/23 (13:00:56) | WARNING: NVML: Failed to get maximum GPU power draw, defaulting to 225W: Not Supported
2024/09/23 (13:00:56) | WARNING: NVML: Failed to get GPU power usage: Not Supported

2024/09/23 (13:01:18) | ===> btop++ v.1.3.2
2024/09/23 (13:01:18) | WARNING: NVML: Failed to get maximum GPU power draw, defaulting to 225W: Not Supported
2024/09/23 (13:01:18) | WARNING: NVML: Failed to get GPU power usage: Not Supported

2024/09/23 (13:22:25) | ===> btop++ v.1.3.2
2024/09/23 (13:22:25) | WARNING: NVML: Failed to get maximum GPU power draw, defaulting to 225W: Not Supported
2024/09/23 (13:22:25) | WARNING: NVML: Failed to get GPU power usage: Not Supported

2024/09/27 (07:40:56) | ===> btop++ v.1.3.2
2024/09/27 (07:40:56) | WARNING: NVML: Failed to get maximum GPU power draw, defaulting to 225W: Not Supported
2024/09/27 (07:40:56) | WARNING: NVML: Failed to get GPU power usage: Not Supported

2024/09/27 (08:21:16) | ===> btop++ v.1.3.2
2024/09/27 (08:21:16) | WARNING: NVML: Failed to get maximum GPU power draw, defaulting to 225W: Not Supported
2024/09/27 (08:21:16) | WARNING: NVML: Failed to get GPU power usage: Not Supported

2024/09/27 (22:44:19) | ===> btop++ v.1.3.2
2024/09/27 (22:44:19) | WARNING: NVML: Failed to get maximum GPU power draw, defaulting to 225W: Not Supported
2024/09/27 (22:44:19) | WARNING: NVML: Failed to get GPU power usage: Not Supported

2024/09/27 (23:01:40) | ===> btop++ v.1.3.2
2024/09/27 (23:01:40) | WARNING: NVML: Failed to get maximum GPU power draw, defaulting to 225W: Not Supported
2024/09/27 (23:01:40) | WARNING: NVML: Failed to get GPU power usage: Not Supported

2024/09/28 (14:35:21) | ===> btop++ v.1.3.2
2024/09/28 (14:35:21) | WARNING: NVML: Failed to get maximum GPU power draw, defaulting to 225W: Not Supported
2024/09/28 (14:35:21) | WARNING: NVML: Failed to get GPU power usage: Not Supported

2024/09/28 (20:48:33) | ===> btop++ v.1.3.2
2024/09/28 (20:48:33) | WARNING: NVML: Failed to get maximum GPU power draw, defaulting to 225W: Not Supported
2024/09/28 (20:48:33) | WARNING: NVML: Failed to get GPU power usage: Not Supported

2024/09/28 (23:09:50) | ===> btop++ v.1.3.2
2024/09/28 (23:09:50) | WARNING: NVML: Failed to get maximum GPU power draw, defaulting to 225W: Not Supported
2024/09/28 (23:09:50) | WARNING: NVML: Failed to get GPU power usage: Not Supported

2024/09/29 (22:21:17) | ===> btop++ v.1.4.0
2024/09/29 (22:21:17) | WARNING: NVML: Failed to get maximum GPU power draw, defaulting to 225W: Not Supported
2024/09/29 (22:21:17) | WARNING: NVML: Failed to get GPU power usage: Not Supported
2024/09/29 (22:21:17) | WARNING: Intel GPU: Failed to initialize PMU

2024/09/30 (20:16:27) | ===> btop++ v.1.4.0
2024/09/30 (20:16:27) | WARNING: NVML: Failed to get maximum GPU power draw, defaulting to 225W: Not Supported
2024/09/30 (20:16:27) | WARNING: NVML: Failed to get GPU power usage: Not Supported
2024/09/30 (20:16:27) | WARNING: Intel GPU: Failed to initialize PMU

2024/10/01 (22:25:51) | ===> btop++ v.1.4.0
2024/10/01 (22:25:51) | WARNING: NVML: Failed to get maximum GPU power draw, defaulting to 225W: Not Supported
2024/10/01 (22:25:51) | WARNING: NVML: Failed to get GPU power usage: Not Supported
2024/10/01 (22:25:51) | WARNING: Intel GPU: Failed to initialize PMU

2024/10/06 (22:40:11) | ===> btop++ v.1.4.0
2024/10/06 (22:40:11) | WARNING: NVML: Failed to get maximum GPU power draw, defaulting to 225W: Not Supported
2024/10/06 (22:40:11) | WARNING: NVML: Failed to get GPU power usage: Not Supported
2024/10/06 (22:40:11) | WARNING: Intel GPU: Failed to initialize PMU

2024/10/07 (11:02:55) | ===> btop++ v.1.4.0
2024/10/07 (11:02:55) | WARNING: NVML: Failed to get maximum GPU power draw, defaulting to 225W: Not Supported
2024/10/07 (11:02:55) | WARNING: NVML: Failed to get GPU power usage: Not Supported
2024/10/07 (11:02:55) | WARNING: Intel GPU: Failed to initialize PMU

2024/10/07 (11:04:13) | ===> btop++ v.1.4.0
2024/10/07 (11:04:13) | WARNING: NVML: Failed to get maximum GPU power draw, defaulting to 225W: Not Supported
2024/10/07 (11:04:13) | WARNING: NVML: Failed to get GPU power usage: Not Supported
2024/10/07 (11:04:13) | WARNING: Intel GPU: Failed to initialize PMU

2024/10/07 (11:06:42) | ===> btop++ v.1.4.0
2024/10/07 (11:06:42) | WARNING: NVML: Failed to get maximum GPU power draw, defaulting to 225W: Not Supported
2024/10/07 (11:06:42) | WARNING: NVML: Failed to get GPU power usage: Not Supported
2024/10/07 (11:06:42) | WARNING: Intel GPU: Failed to initialize PMU

2024/10/07 (21:47:35) | ===> btop++ v.1.4.0
2024/10/07 (21:47:35) | WARNING: NVML: Failed to get maximum GPU power draw, defaulting to 225W: Not Supported
2024/10/07 (21:47:35) | WARNING: NVML: Failed to get GPU power usage: Not Supported
2024/10/07 (21:47:35) | WARNING: Intel GPU: Failed to initialize PMU

2024/10/07 (21:55:34) | ===> btop++ v.1.4.0
2024/10/07 (21:55:34) | WARNING: NVML: Failed to get maximum GPU power draw, defaulting to 225W: Not Supported
2024/10/07 (21:55:34) | WARNING: NVML: Failed to get GPU power usage: Not Supported
2024/10/07 (21:55:34) | WARNING: Intel GPU: Failed to initialize PMU

2024/10/09 (20:04:12) | ===> btop++ v.1.4.0
2024/10/09 (20:04:12) | WARNING: NVML: Failed to get maximum GPU power draw, defaulting to 225W: Not Supported
2024/10/09 (20:04:12) | WARNING: NVML: Failed to get GPU power usage: Not Supported
2024/10/09 (20:04:12) | WARNING: Intel GPU: Failed to initialize PMU

2024/10/10 (12:58:15) | ===> btop++ v.1.4.0
2024/10/10 (12:58:15) | WARNING: NVML: Failed to get maximum GPU power draw, defaulting to 225W: Not Supported
2024/10/10 (12:58:15) | WARNING: NVML: Failed to get GPU power usage: Not Supported
2024/10/10 (12:58:15) | WARNING: Intel GPU: Failed to initialize PMU

2024/10/11 (20:54:16) | ===> btop++ v.1.4.0
2024/10/11 (20:54:16) | WARNING: NVML: Failed to get maximum GPU power draw, defaulting to 225W: Not Supported
2024/10/11 (20:54:16) | WARNING: NVML: Failed to get GPU power usage: Not Supported
2024/10/11 (20:54:16) | WARNING: Intel GPU: Failed to initialize PMU

2024/10/12 (10:14:11) | ===> btop++ v.1.4.0
2024/10/12 (10:14:11) | WARNING: NVML: Failed to get maximum GPU power draw, defaulting to 225W: Not Supported
2024/10/12 (10:14:11) | WARNING: NVML: Failed to get GPU power usage: Not Supported
2024/10/12 (10:14:11) | WARNING: Intel GPU: Failed to initialize PMU

2024/10/14 (23:34:24) | ===> btop++ v.1.4.0
2024/10/14 (23:34:24) | WARNING: NVML: Failed to get maximum GPU power draw, defaulting to 225W: Not Supported
2024/10/14 (23:34:24) | WARNING: NVML: Failed to get GPU power usage: Not Supported
2024/10/14 (23:34:24) | WARNING: Intel GPU: Failed to initialize PMU

2024/10/14 (23:34:37) | ===> btop++ v.1.4.0
2024/10/14 (23:34:37) | WARNING: NVML: Failed to get maximum GPU power draw, defaulting to 225W: Not Supported
2024/10/14 (23:34:37) | WARNING: NVML: Failed to get GPU power usage: Not Supported
2024/10/14 (23:34:37) | WARNING: Intel GPU: Failed to initialize PMU

2024/10/15 (19:05:33) | ===> btop++ v.1.4.0
2024/10/15 (19:05:33) | WARNING: NVML: Failed to get maximum GPU power draw, defaulting to 225W: Not Supported
2024/10/15 (19:05:33) | WARNING: NVML: Failed to get GPU power usage: Not Supported
2024/10/15 (19:05:33) | WARNING: Intel GPU: Failed to initialize PMU

2024/10/16 (06:36:21) | ===> btop++ v.1.4.0
2024/10/16 (06:36:21) | WARNING: NVML: Failed to get maximum GPU power draw, defaulting to 225W: Not Supported
2024/10/16 (06:36:21) | WARNING: NVML: Failed to get GPU power usage: Not Supported
2024/10/16 (06:36:21) | WARNING: Intel GPU: Failed to initialize PMU

2024/10/16 (06:38:40) | ===> btop++ v.1.4.0
2024/10/16 (06:38:40) | WARNING: NVML: Failed to get maximum GPU power draw, defaulting to 225W: Not Supported
2024/10/16 (06:38:40) | WARNING: NVML: Failed to get GPU power usage: Not Supported
2024/10/16 (06:38:40) | WARNING: Intel GPU: Failed to initialize PMU

2024/10/16 (06:38:52) | ===> btop++ v.1.4.0
2024/10/16 (06:38:52) | WARNING: NVML: Failed to get maximum GPU power draw, defaulting to 225W: Not Supported
2024/10/16 (06:38:52) | WARNING: NVML: Failed to get GPU power usage: Not Supported
2024/10/16 (06:38:52) | WARNING: Intel GPU: Failed to initialize PMU

2024/10/16 (06:40:16) | ===> btop++ v.1.4.0
2024/10/16 (06:40:16) | WARNING: NVML: Failed to get maximum GPU power draw, defaulting to 225W: Not Supported
2024/10/16 (06:40:16) | WARNING: NVML: Failed to get GPU power usage: Not Supported
2024/10/16 (06:40:16) | WARNING: Intel GPU: Failed to initialize PMU

2024/10/16 (06:42:08) | ===> btop++ v.1.4.0
2024/10/16 (06:42:08) | WARNING: NVML: Failed to get maximum GPU power draw, defaulting to 225W: Not Supported
2024/10/16 (06:42:08) | WARNING: NVML: Failed to get GPU power usage: Not Supported
2024/10/16 (06:42:08) | WARNING: Intel GPU: Failed to initialize PMU

2024/10/16 (06:50:04) | ===> btop++ v.1.4.0
2024/10/16 (06:50:04) | WARNING: NVML: Failed to get maximum GPU power draw, defaulting to 225W: Not Supported
2024/10/16 (06:50:04) | WARNING: NVML: Failed to get GPU power usage: Not Supported
2024/10/16 (06:50:04) | WARNING: Intel GPU: Failed to initialize PMU

2024/10/16 (06:50:49) | ===> btop++ v.1.4.0
2024/10/16 (06:50:49) | WARNING: NVML: Failed to get maximum GPU power draw, defaulting to 225W: Not Supported
2024/10/16 (06:50:49) | WARNING: NVML: Failed to get GPU power usage: Not Supported
2024/10/16 (06:50:49) | WARNING: Intel GPU: Failed to initialize PMU

2024/10/16 (06:55:12) | ===> btop++ v.1.4.0
2024/10/16 (06:55:12) | WARNING: NVML: Failed to get maximum GPU power draw, defaulting to 225W: Not Supported
2024/10/16 (06:55:12) | WARNING: NVML: Failed to get GPU power usage: Not Supported
2024/10/16 (06:55:12) | WARNING: Intel GPU: Failed to initialize PMU

2024/10/16 (06:56:36) | ===> btop++ v.1.4.0
2024/10/16 (06:56:36) | WARNING: NVML: Failed to get maximum GPU power draw, defaulting to 225W: Not Supported
2024/10/16 (06:56:36) | WARNING: NVML: Failed to get GPU power usage: Not Supported
2024/10/16 (06:56:36) | WARNING: Intel GPU: Failed to initialize PMU

2024/10/16 (07:02:40) | ===> btop++ v.1.4.0
2024/10/16 (07:02:40) | WARNING: NVML: Failed to get maximum GPU power draw, defaulting to 225W: Not Supported
2024/10/16 (07:02:40) | WARNING: NVML: Failed to get GPU power usage: Not Supported
2024/10/16 (07:02:41) | WARNING: Intel GPU: Failed to initialize PMU

2024/10/16 (08:14:13) | ===> btop++ v.1.4.0
2024/10/16 (08:14:13) | WARNING: NVML: Failed to get maximum GPU power draw, defaulting to 225W: Not Supported
2024/10/16 (08:14:13) | WARNING: NVML: Failed to get GPU power usage: Not Supported
2024/10/16 (08:14:13) | WARNING: Intel GPU: Failed to initialize PMU

2024/10/16 (08:16:36) | ===> btop++ v.1.4.0
2024/10/16 (08:16:36) | WARNING: NVML: Failed to get maximum GPU power draw, defaulting to 225W: Not Supported
2024/10/16 (08:16:36) | WARNING: NVML: Failed to get GPU power usage: Not Supported
2024/10/16 (08:16:36) | WARNING: Intel GPU: Failed to initialize PMU

2024/10/16 (09:34:07) | ===> btop++ v.1.4.0
2024/10/16 (09:34:07) | WARNING: NVML: Failed to get maximum GPU power draw, defaulting to 225W: Not Supported
2024/10/16 (09:34:07) | WARNING: NVML: Failed to get GPU power usage: Not Supported
2024/10/16 (09:34:07) | WARNING: Intel GPU: Failed to initialize PMU

2024/10/16 (09:34:44) | ===> btop++ v.1.4.0
2024/10/16 (09:34:44) | WARNING: NVML: Failed to get maximum GPU power draw, defaulting to 225W: Not Supported
2024/10/16 (09:34:44) | WARNING: NVML: Failed to get GPU power usage: Not Supported
2024/10/16 (09:34:44) | WARNING: Intel GPU: Failed to initialize PMU

2024/10/16 (12:17:36) | ===> btop++ v.1.4.0
2024/10/16 (12:17:36) | WARNING: NVML: Failed to get maximum GPU power draw, defaulting to 225W: Not Supported
2024/10/16 (12:17:36) | WARNING: NVML: Failed to get GPU power usage: Not Supported
2024/10/16 (12:17:36) | WARNING: Intel GPU: Failed to initialize PMU

2024/10/16 (21:53:37) | ===> btop++ v.1.4.0
2024/10/16 (21:53:37) | WARNING: NVML: Failed to get maximum GPU power draw, defaulting to 225W: Not Supported
2024/10/16 (21:53:37) | WARNING: NVML: Failed to get GPU power usage: Not Supported
2024/10/16 (21:53:37) | WARNING: Intel GPU: Failed to initialize PMU

2024/10/16 (22:13:23) | ===> btop++ v.1.4.0
2024/10/16 (22:13:23) | WARNING: NVML: Failed to get maximum GPU power draw, defaulting to 225W: Not Supported
2024/10/16 (22:13:23) | WARNING: NVML: Failed to get GPU power usage: Not Supported
2024/10/16 (22:13:23) | WARNING: Intel GPU: Failed to initialize PMU

2024/10/16 (22:18:22) | ===> btop++ v.1.4.0
2024/10/16 (22:18:22) | WARNING: NVML: Failed to get maximum GPU power draw, defaulting to 225W: Not Supported
2024/10/16 (22:18:22) | WARNING: NVML: Failed to get GPU power usage: Not Supported
2024/10/16 (22:18:22) | WARNING: Intel GPU: Failed to initialize PMU

2024/10/16 (22:40:25) | ===> btop++ v.1.4.0
2024/10/16 (22:40:25) | WARNING: NVML: Failed to get maximum GPU power draw, defaulting to 225W: Not Supported
2024/10/16 (22:40:25) | WARNING: NVML: Failed to get GPU power usage: Not Supported
2024/10/16 (22:40:25) | WARNING: Intel GPU: Failed to initialize PMU

2024/10/16 (22:41:05) | ===> btop++ v.1.4.0
2024/10/16 (22:41:05) | WARNING: NVML: Failed to get maximum GPU power draw, defaulting to 225W: Not Supported
2024/10/16 (22:41:05) | WARNING: NVML: Failed to get GPU power usage: Not Supported
2024/10/16 (22:41:05) | WARNING: Intel GPU: Failed to initialize PMU

2024/10/16 (22:53:15) | ===> btop++ v.1.4.0
2024/10/16 (22:53:15) | WARNING: NVML: Failed to get maximum GPU power draw, defaulting to 225W: Not Supported
2024/10/16 (22:53:15) | WARNING: NVML: Failed to get GPU power usage: Not Supported
2024/10/16 (22:53:15) | WARNING: Intel GPU: Failed to initialize PMU

2024/10/16 (22:53:22) | ===> btop++ v.1.4.0
2024/10/16 (22:53:22) | WARNING: NVML: Failed to get maximum GPU power draw, defaulting to 225W: Not Supported
2024/10/16 (22:53:22) | WARNING: NVML: Failed to get GPU power usage: Not Supported
2024/10/16 (22:53:22) | WARNING: Intel GPU: Failed to initialize PMU

2024/10/18 (12:44:47) | ===> btop++ v.1.4.0
2024/10/18 (12:44:47) | WARNING: NVML: Failed to get maximum GPU power draw, defaulting to 225W: Not Supported
2024/10/18 (12:44:47) | WARNING: NVML: Failed to get GPU power usage: Not Supported
2024/10/18 (12:44:47) | WARNING: Intel GPU: Failed to initialize PMU

2024/10/18 (22:38:50) | ===> btop++ v.1.4.0
2024/10/18 (22:38:50) | WARNING: NVML: Failed to get maximum GPU power draw, defaulting to 225W: Not Supported
2024/10/18 (22:38:50) | WARNING: NVML: Failed to get GPU power usage: Not Supported
2024/10/18 (22:38:50) | WARNING: Intel GPU: Failed to initialize PMU

2024/10/19 (11:39:40) | ===> btop++ v.1.4.0
2024/10/19 (11:39:40) | WARNING: NVML: Failed to get maximum GPU power draw, defaulting to 225W: Not Supported
2024/10/19 (11:39:40) | WARNING: NVML: Failed to get GPU power usage: Not Supported
2024/10/19 (11:39:40) | WARNING: Intel GPU: Failed to initialize PMU

2024/10/19 (21:38:45) | ===> btop++ v.1.4.0
2024/10/19 (21:38:45) | WARNING: NVML: Failed to get maximum GPU power draw, defaulting to 225W: Not Supported
2024/10/19 (21:38:45) | WARNING: NVML: Failed to get GPU power usage: Not Supported
2024/10/19 (21:38:45) | WARNING: Intel GPU: Failed to initialize PMU

2024/10/20 (00:20:56) | ===> btop++ v.1.4.0
2024/10/20 (00:20:56) | WARNING: NVML: Failed to get maximum GPU power draw, defaulting to 225W: Not Supported
2024/10/20 (00:20:56) | WARNING: NVML: Failed to get GPU power usage: Not Supported
2024/10/20 (00:20:56) | WARNING: Intel GPU: Failed to initialize PMU

2024/10/20 (00:55:13) | ===> btop++ v.1.4.0
2024/10/20 (00:55:13) | WARNING: NVML: Failed to get maximum GPU power draw, defaulting to 225W: Not Supported
2024/10/20 (00:55:13) | WARNING: NVML: Failed to get GPU power usage: Not Supported
2024/10/20 (00:55:13) | WARNING: Intel GPU: Failed to initialize PMU

2024/10/20 (16:38:51) | ===> btop++ v.1.4.0
2024/10/20 (16:38:51) | WARNING: NVML: Failed to get maximum GPU power draw, defaulting to 225W: Not Supported
2024/10/20 (16:38:51) | WARNING: NVML: Failed to get GPU power usage: Not Supported
2024/10/20 (16:38:52) | WARNING: Intel GPU: Failed to initialize PMU

2024/10/20 (20:48:08) | ===> btop++ v.1.4.0
2024/10/20 (20:48:08) | WARNING: NVML: Failed to get maximum GPU power draw, defaulting to 225W: Not Supported
2024/10/20 (20:48:08) | WARNING: NVML: Failed to get GPU power usage: Not Supported
2024/10/20 (20:48:08) | WARNING: Intel GPU: Failed to initialize PMU

2024/10/21 (10:49:02) | ===> btop++ v.1.4.0
2024/10/21 (10:49:02) | WARNING: NVML: Failed to get maximum GPU power draw, defaulting to 225W: Not Supported
2024/10/21 (10:49:02) | WARNING: NVML: Failed to get GPU power usage: Not Supported
2024/10/21 (10:49:02) | WARNING: Intel GPU: Failed to initialize PMU

2024/10/21 (14:05:48) | ===> btop++ v.1.4.0
2024/10/21 (14:05:48) | WARNING: NVML: Failed to get maximum GPU power draw, defaulting to 225W: Not Supported
2024/10/21 (14:05:48) | WARNING: NVML: Failed to get GPU power usage: Not Supported
2024/10/21 (14:05:48) | WARNING: Intel GPU: Failed to initialize PMU

2024/10/22 (15:22:00) | ===> btop++ v.1.4.0
2024/10/22 (15:22:00) | WARNING: NVML: Failed to get maximum GPU power draw, defaulting to 225W: Not Supported
2024/10/22 (15:22:00) | WARNING: NVML: Failed to get GPU power usage: Not Supported
2024/10/22 (15:22:00) | WARNING: Intel GPU: Failed to initialize PMU

2024/10/23 (01:34:56) | ===> btop++ v.1.4.0
2024/10/23 (01:34:56) | WARNING: NVML: Failed to get maximum GPU power draw, defaulting to 225W: Not Supported
2024/10/23 (01:34:56) | WARNING: NVML: Failed to get GPU power usage: Not Supported
2024/10/23 (01:34:56) | WARNING: Intel GPU: Failed to initialize PMU

2024/10/23 (16:04:13) | ===> btop++ v.1.4.0
2024/10/23 (16:04:13) | WARNING: NVML: Failed to get maximum GPU power draw, defaulting to 225W: Not Supported
2024/10/23 (16:04:13) | WARNING: NVML: Failed to get GPU power usage: Not Supported
2024/10/23 (16:04:13) | WARNING: Intel GPU: Failed to initialize PMU

2024/10/23 (16:05:29) | ===> btop++ v.1.4.0
2024/10/23 (16:05:29) | WARNING: NVML: Failed to get maximum GPU power draw, defaulting to 225W: Not Supported
2024/10/23 (16:05:29) | WARNING: NVML: Failed to get GPU power usage: Not Supported
2024/10/23 (16:05:29) | WARNING: Intel GPU: Failed to initialize PMU

2024/10/23 (20:18:25) | ===> btop++ v.1.4.0
2024/10/23 (20:18:25) | WARNING: NVML: Failed to get maximum GPU power draw, defaulting to 225W: Not Supported
2024/10/23 (20:18:25) | WARNING: NVML: Failed to get GPU power usage: Not Supported
2024/10/23 (20:18:25) | WARNING: Intel GPU: Failed to initialize PMU

2024/10/23 (20:43:45) | ===> btop++ v.1.4.0
2024/10/23 (20:43:45) | WARNING: NVML: Failed to get maximum GPU power draw, defaulting to 225W: Not Supported
2024/10/23 (20:43:45) | WARNING: NVML: Failed to get GPU power usage: Not Supported
2024/10/23 (20:43:45) | WARNING: Intel GPU: Failed to initialize PMU

2024/10/23 (22:04:51) | ===> btop++ v.1.4.0
2024/10/23 (22:04:51) | WARNING: NVML: Failed to get maximum GPU power draw, defaulting to 225W: Not Supported
2024/10/23 (22:04:51) | WARNING: NVML: Failed to get GPU power usage: Not Supported
2024/10/23 (22:04:51) | WARNING: Intel GPU: Failed to initialize PMU

2024/10/23 (22:05:43) | ===> btop++ v.1.4.0
2024/10/23 (22:05:43) | WARNING: NVML: Failed to get maximum GPU power draw, defaulting to 225W: Not Supported
2024/10/23 (22:05:43) | WARNING: NVML: Failed to get GPU power usage: Not Supported
2024/10/23 (22:05:43) | WARNING: Intel GPU: Failed to initialize PMU

2024/10/24 (23:19:51) | ===> btop++ v.1.4.0
2024/10/24 (23:19:51) | WARNING: NVML: Failed to get maximum GPU power draw, defaulting to 225W: Not Supported
2024/10/24 (23:19:51) | WARNING: NVML: Failed to get GPU power usage: Not Supported
2024/10/24 (23:19:51) | WARNING: Intel GPU: Failed to initialize PMU

2024/10/24 (23:38:03) | ===> btop++ v.1.4.0
2024/10/24 (23:38:03) | WARNING: NVML: Failed to get maximum GPU power draw, defaulting to 225W: Not Supported
2024/10/24 (23:38:03) | WARNING: NVML: Failed to get GPU power usage: Not Supported
2024/10/24 (23:38:03) | WARNING: Intel GPU: Failed to initialize PMU

2024/10/31 (21:05:53) | ===> btop++ v.1.4.0
2024/10/31 (21:05:53) | WARNING: NVML: Failed to get maximum GPU power draw, defaulting to 225W: Not Supported
2024/10/31 (21:05:53) | WARNING: NVML: Failed to get GPU power usage: Not Supported
2024/10/31 (21:05:54) | WARNING: Intel GPU: Failed to initialize PMU

2024/11/01 (08:00:40) | ===> btop++ v.1.4.0
2024/11/01 (08:00:40) | WARNING: NVML: Failed to get maximum GPU power draw, defaulting to 225W: Not Supported
2024/11/01 (08:00:40) | WARNING: NVML: Failed to get GPU power usage: Not Supported
2024/11/01 (08:00:40) | WARNING: Intel GPU: Failed to initialize PMU

2024/11/02 (07:59:39) | ===> btop++ v.1.4.0
2024/11/02 (07:59:39) | WARNING: NVML: Failed to get maximum GPU power draw, defaulting to 225W: Not Supported
2024/11/02 (07:59:39) | WARNING: NVML: Failed to get GPU power usage: Not Supported
2024/11/02 (07:59:39) | WARNING: Intel GPU: Failed to initialize PMU

2024/11/02 (22:15:23) | ===> btop++ v.1.4.0
2024/11/02 (22:15:23) | WARNING: NVML: Failed to get maximum GPU power draw, defaulting to 225W: Not Supported
2024/11/02 (22:15:23) | WARNING: NVML: Failed to get GPU power usage: Not Supported
2024/11/02 (22:15:23) | WARNING: Intel GPU: Failed to initialize PMU

2024/11/02 (23:13:52) | ===> btop++ v.1.4.0
2024/11/02 (23:13:52) | WARNING: NVML: Failed to get maximum GPU power draw, defaulting to 225W: Not Supported
2024/11/02 (23:13:52) | WARNING: NVML: Failed to get GPU power usage: Not Supported
2024/11/02 (23:13:52) | WARNING: Intel GPU: Failed to initialize PMU

2024/11/02 (23:14:05) | ===> btop++ v.1.4.0
2024/11/02 (23:14:05) | WARNING: NVML: Failed to get maximum GPU power draw, defaulting to 225W: Not Supported
2024/11/02 (23:14:05) | WARNING: NVML: Failed to get GPU power usage: Not Supported
2024/11/02 (23:14:05) | WARNING: Intel GPU: Failed to initialize PMU

2024/11/02 (23:22:38) | ===> btop++ v.1.4.0
2024/11/02 (23:22:38) | WARNING: NVML: Failed to get maximum GPU power draw, defaulting to 225W: Not Supported
2024/11/02 (23:22:38) | WARNING: NVML: Failed to get GPU power usage: Not Supported
2024/11/02 (23:22:38) | WARNING: Intel GPU: Failed to initialize PMU

2024/11/02 (23:24:52) | ===> btop++ v.1.4.0
2024/11/02 (23:24:52) | WARNING: NVML: Failed to get maximum GPU power draw, defaulting to 225W: Not Supported
2024/11/02 (23:24:52) | WARNING: NVML: Failed to get GPU power usage: Not Supported
2024/11/02 (23:24:52) | WARNING: Intel GPU: Failed to initialize PMU

2024/11/02 (23:51:32) | ===> btop++ v.1.4.0
2024/11/02 (23:51:32) | WARNING: NVML: Failed to get maximum GPU power draw, defaulting to 225W: Not Supported
2024/11/02 (23:51:32) | WARNING: NVML: Failed to get GPU power usage: Not Supported
2024/11/02 (23:51:32) | WARNING: Intel GPU: Failed to initialize PMU

2024/11/03 (01:23:42) | ===> btop++ v.1.4.0
2024/11/03 (01:23:42) | WARNING: NVML: Failed to get maximum GPU power draw, defaulting to 225W: Not Supported
2024/11/03 (01:23:42) | WARNING: NVML: Failed to get GPU power usage: Not Supported
2024/11/03 (01:23:42) | WARNING: Intel GPU: Failed to initialize PMU

2024/11/03 (17:41:57) | ===> btop++ v.1.4.0
2024/11/03 (17:41:57) | WARNING: Intel GPU: Failed to initialize PMU

2024/11/03 (21:49:23) | ===> btop++ v.1.4.0
2024/11/03 (21:49:23) | WARNING: NVML: Failed to get maximum GPU power draw, defaulting to 225W: Not Supported
2024/11/03 (21:49:23) | WARNING: NVML: Failed to get GPU power usage: Not Supported
2024/11/03 (21:49:23) | WARNING: Intel GPU: Failed to initialize PMU
2024/11/03 (21:49:29) | WARNING: Failed to join _runner thread on exit!
2024/11/03 (21:49:29) | ERROR: No response from Runner thread, quitting!

2024/11/03 (21:49:37) | ===> btop++ v.1.4.0
2024/11/03 (21:49:37) | WARNING: NVML: Failed to get maximum GPU power draw, defaulting to 225W: Not Supported
2024/11/03 (21:49:37) | WARNING: NVML: Failed to get GPU power usage: Not Supported
2024/11/03 (21:49:37) | WARNING: Intel GPU: Failed to initialize PMU

2024/11/03 (21:50:27) | ===> btop++ v.1.4.0
2024/11/03 (21:50:27) | WARNING: NVML: Failed to get maximum GPU power draw, defaulting to 225W: Not Supported
2024/11/03 (21:50:27) | WARNING: NVML: Failed to get GPU power usage: Not Supported
2024/11/03 (21:50:27) | WARNING: Intel GPU: Failed to initialize PMU

2024/11/03 (21:53:19) | ===> btop++ v.1.4.0
2024/11/03 (21:53:19) | WARNING: NVML: Failed to get maximum GPU power draw, defaulting to 225W: Not Supported
2024/11/03 (21:53:19) | WARNING: NVML: Failed to get GPU power usage: Not Supported
2024/11/03 (21:53:19) | WARNING: Intel GPU: Failed to initialize PMU

2024/11/03 (22:13:26) | ===> btop++ v.1.4.0
2024/11/03 (22:13:26) | WARNING: NVML: Failed to get maximum GPU power draw, defaulting to 225W: Not Supported
2024/11/03 (22:13:26) | WARNING: NVML: Failed to get GPU power usage: Not Supported
2024/11/03 (22:13:26) | WARNING: Intel GPU: Failed to initialize PMU

2024/11/06 (13:35:11) | ===> btop++ v.1.4.0
2024/11/06 (13:35:11) | WARNING: NVML: Failed to get maximum GPU power draw, defaulting to 225W: Not Supported
2024/11/06 (13:35:11) | WARNING: NVML: Failed to get GPU power usage: Not Supported
2024/11/06 (13:35:11) | WARNING: Intel GPU: Failed to initialize PMU

2024/11/06 (13:36:09) | ===> btop++ v.1.4.0
2024/11/06 (13:36:09) | WARNING: NVML: Failed to get maximum GPU power draw, defaulting to 225W: Not Supported
2024/11/06 (13:36:09) | WARNING: NVML: Failed to get GPU power usage: Not Supported
2024/11/06 (13:36:09) | WARNING: Intel GPU: Failed to initialize PMU

2024/11/06 (13:36:56) | ===> btop++ v.1.4.0
2024/11/06 (13:36:56) | WARNING: NVML: Failed to get maximum GPU power draw, defaulting to 225W: Not Supported
2024/11/06 (13:36:56) | WARNING: NVML: Failed to get GPU power usage: Not Supported
2024/11/06 (13:36:56) | WARNING: Intel GPU: Failed to initialize PMU

2024/11/06 (15:31:36) | ===> btop++ v.1.4.0
2024/11/06 (15:31:36) | WARNING: NVML: Failed to get maximum GPU power draw, defaulting to 225W: Not Supported
2024/11/06 (15:31:36) | WARNING: NVML: Failed to get GPU power usage: Not Supported
2024/11/06 (15:31:36) | WARNING: Intel GPU: Failed to initialize PMU

2024/11/06 (15:31:51) | ===> btop++ v.1.4.0
2024/11/06 (15:31:51) | WARNING: NVML: Failed to get maximum GPU power draw, defaulting to 225W: Not Supported
2024/11/06 (15:31:51) | WARNING: NVML: Failed to get GPU power usage: Not Supported
2024/11/06 (15:31:51) | WARNING: Intel GPU: Failed to initialize PMU

2024/11/06 (16:02:48) | ===> btop++ v.1.4.0
2024/11/06 (16:02:48) | WARNING: NVML: Failed to get maximum GPU power draw, defaulting to 225W: Not Supported
2024/11/06 (16:02:48) | WARNING: NVML: Failed to get GPU power usage: Not Supported
2024/11/06 (16:02:48) | WARNING: Intel GPU: Failed to initialize PMU

2024/11/06 (21:36:15) | ===> btop++ v.1.4.0
2024/11/06 (21:36:15) | WARNING: NVML: Failed to get maximum GPU power draw, defaulting to 225W: Not Supported
2024/11/06 (21:36:15) | WARNING: NVML: Failed to get GPU power usage: Not Supported
2024/11/06 (21:36:15) | WARNING: Intel GPU: Failed to initialize PMU

2024/11/07 (07:10:54) | ===> btop++ v.1.4.0
2024/11/07 (07:10:54) | WARNING: NVML: Failed to get maximum GPU power draw, defaulting to 225W: Not Supported
2024/11/07 (07:10:54) | WARNING: NVML: Failed to get GPU power usage: Not Supported
2024/11/07 (07:10:54) | WARNING: Intel GPU: Failed to initialize PMU

2024/11/08 (01:53:45) | ===> btop++ v.1.4.0
2024/11/08 (01:53:45) | WARNING: NVML: Failed to get maximum GPU power draw, defaulting to 225W: Not Supported
2024/11/08 (01:53:46) | WARNING: NVML: Failed to get GPU power usage: Not Supported
2024/11/08 (01:53:46) | WARNING: Intel GPU: Failed to initialize PMU

2024/11/08 (12:57:27) | ===> btop++ v.1.4.0
2024/11/08 (12:57:27) | WARNING: NVML: Failed to get maximum GPU power draw, defaulting to 225W: Not Supported
2024/11/08 (12:57:27) | WARNING: NVML: Failed to get GPU power usage: Not Supported
2024/11/08 (12:57:27) | WARNING: Intel GPU: Failed to initialize PMU

2024/11/08 (21:53:01) | ===> btop++ v.1.4.0
2024/11/08 (21:53:01) | WARNING: NVML: Failed to get maximum GPU power draw, defaulting to 225W: Not Supported
2024/11/08 (21:53:01) | WARNING: NVML: Failed to get GPU power usage: Not Supported
2024/11/08 (21:53:01) | WARNING: Intel GPU: Failed to initialize PMU

2024/11/11 (23:22:05) | ===> btop++ v.1.4.0
2024/11/11 (23:22:05) | WARNING: NVML: Failed to get maximum GPU power draw, defaulting to 225W: Not Supported
2024/11/11 (23:22:05) | WARNING: NVML: Failed to get GPU power usage: Not Supported
2024/11/11 (23:22:05) | WARNING: Intel GPU: Failed to initialize PMU

2024/11/11 (23:22:40) | ===> btop++ v.1.4.0
2024/11/11 (23:22:40) | WARNING: NVML: Failed to get maximum GPU power draw, defaulting to 225W: Not Supported
2024/11/11 (23:22:40) | WARNING: NVML: Failed to get GPU power usage: Not Supported
2024/11/11 (23:22:40) | WARNING: Intel GPU: Failed to initialize PMU

2024/11/13 (21:05:22) | ===> btop++ v.1.4.0
2024/11/13 (21:05:22) | WARNING: NVML: Failed to get maximum GPU power draw, defaulting to 225W: Not Supported
2024/11/13 (21:05:22) | WARNING: NVML: Failed to get GPU power usage: Not Supported
2024/11/13 (21:05:22) | WARNING: Intel GPU: Failed to initialize PMU

2024/11/13 (21:07:31) | ===> btop++ v.1.4.0
2024/11/13 (21:07:31) | WARNING: NVML: Failed to get maximum GPU power draw, defaulting to 225W: Not Supported
2024/11/13 (21:07:31) | WARNING: NVML: Failed to get GPU power usage: Not Supported
2024/11/13 (21:07:31) | WARNING: Intel GPU: Failed to initialize PMU

2024/11/14 (21:40:50) | ===> btop++ v.1.4.0
2024/11/14 (21:40:50) | WARNING: NVML: Failed to get maximum GPU power draw, defaulting to 225W: Not Supported
2024/11/14 (21:40:50) | WARNING: NVML: Failed to get GPU power usage: Not Supported
2024/11/14 (21:40:50) | WARNING: Intel GPU: Failed to initialize PMU

2024/11/16 (08:23:51) | ===> btop++ v.1.4.0
2024/11/16 (08:23:51) | WARNING: NVML: Failed to get maximum GPU power draw, defaulting to 225W: Not Supported
2024/11/16 (08:23:51) | WARNING: NVML: Failed to get GPU power usage: Not Supported
2024/11/16 (08:23:51) | WARNING: Intel GPU: Failed to initialize PMU

2024/11/16 (14:40:57) | ===> btop++ v.1.4.0
2024/11/16 (14:40:57) | WARNING: NVML: Failed to get maximum GPU power draw, defaulting to 225W: Not Supported
2024/11/16 (14:40:57) | WARNING: NVML: Failed to get GPU power usage: Not Supported
2024/11/16 (14:40:57) | WARNING: Intel GPU: Failed to initialize PMU

2024/11/19 (15:18:35) | ===> btop++ v.1.4.0
2024/11/19 (15:18:35) | WARNING: NVML: Failed to get maximum GPU power draw, defaulting to 225W: Not Supported
2024/11/19 (15:18:35) | WARNING: NVML: Failed to get GPU power usage: Not Supported
2024/11/19 (15:18:35) | WARNING: Intel GPU: Failed to initialize PMU

2024/11/20 (07:57:21) | ===> btop++ v.1.4.0
2024/11/20 (07:57:21) | WARNING: NVML: Failed to get maximum GPU power draw, defaulting to 225W: Not Supported
2024/11/20 (07:57:21) | WARNING: NVML: Failed to get GPU power usage: Not Supported
2024/11/20 (07:57:21) | WARNING: Intel GPU: Failed to initialize PMU

2024/11/21 (05:35:51) | ===> btop++ v.1.4.0
2024/11/21 (05:35:51) | WARNING: NVML: Failed to get maximum GPU power draw, defaulting to 225W: Not Supported
2024/11/21 (05:35:51) | WARNING: NVML: Failed to get GPU power usage: Not Supported
2024/11/21 (05:35:51) | WARNING: Intel GPU: Failed to initialize PMU

2024/11/21 (06:30:33) | ===> btop++ v.1.4.0
2024/11/21 (06:30:33) | WARNING: NVML: Failed to get maximum GPU power draw, defaulting to 225W: Not Supported
2024/11/21 (06:30:33) | WARNING: NVML: Failed to get GPU power usage: Not Supported
2024/11/21 (06:30:33) | WARNING: Intel GPU: Failed to initialize PMU

2024/11/26 (12:07:47) | ===> btop++ v.1.4.0
2024/11/26 (12:07:47) | WARNING: NVML: Failed to get maximum GPU power draw, defaulting to 225W: Not Supported
2024/11/26 (12:07:47) | WARNING: NVML: Failed to get GPU power usage: Not Supported
2024/11/26 (12:07:47) | WARNING: Intel GPU: Failed to initialize PMU

2024/11/26 (22:11:42) | ===> btop++ v.1.4.0
2024/11/26 (22:11:42) | WARNING: NVML: Failed to get maximum GPU power draw, defaulting to 225W: Not Supported
2024/11/26 (22:11:42) | WARNING: NVML: Failed to get GPU power usage: Not Supported
2024/11/26 (22:11:42) | WARNING: Intel GPU: Failed to initialize PMU

2024/11/27 (09:14:57) | ===> btop++ v.1.4.0
2024/11/27 (09:14:57) | WARNING: NVML: Failed to get maximum GPU power draw, defaulting to 225W: Not Supported
2024/11/27 (09:14:57) | WARNING: NVML: Failed to get GPU power usage: Not Supported
2024/11/27 (09:14:57) | WARNING: Intel GPU: Failed to initialize PMU

2024/11/30 (04:55:48) | ===> btop++ v.1.4.0
2024/11/30 (04:55:48) | WARNING: NVML: Failed to get maximum GPU power draw, defaulting to 225W: Not Supported
2024/11/30 (04:55:48) | WARNING: NVML: Failed to get GPU power usage: Not Supported
2024/11/30 (04:55:48) | WARNING: Intel GPU: Failed to initialize PMU

2024/11/30 (12:38:12) | ===> btop++ v.1.4.0
2024/11/30 (12:38:12) | WARNING: NVML: Failed to get maximum GPU power draw, defaulting to 225W: Not Supported
2024/11/30 (12:38:12) | WARNING: NVML: Failed to get GPU power usage: Not Supported
2024/11/30 (12:38:12) | WARNING: Intel GPU: Failed to initialize PMU

2024/11/30 (12:38:49) | ===> btop++ v.1.4.0
2024/11/30 (12:38:49) | WARNING: NVML: Failed to get maximum GPU power draw, defaulting to 225W: Not Supported
2024/11/30 (12:38:49) | WARNING: NVML: Failed to get GPU power usage: Not Supported
2024/11/30 (12:38:49) | WARNING: Intel GPU: Failed to initialize PMU

2024/12/05 (19:23:12) | ===> btop++ v.1.4.0
2024/12/05 (19:23:12) | WARNING: NVML: Failed to get maximum GPU power draw, defaulting to 225W: Not Supported
2024/12/05 (19:23:12) | WARNING: NVML: Failed to get GPU power usage: Not Supported
2024/12/05 (19:23:12) | WARNING: Intel GPU: Failed to initialize PMU

2024/12/05 (20:35:38) | ===> btop++ v.1.4.0
2024/12/05 (20:35:38) | WARNING: NVML: Failed to get maximum GPU power draw, defaulting to 225W: Not Supported
2024/12/05 (20:35:38) | WARNING: NVML: Failed to get GPU power usage: Not Supported
2024/12/05 (20:35:38) | WARNING: Intel GPU: Failed to initialize PMU

2024/12/05 (20:36:11) | ===> btop++ v.1.4.0
2024/12/05 (20:36:11) | WARNING: NVML: Failed to get maximum GPU power draw, defaulting to 225W: Not Supported
2024/12/05 (20:36:11) | WARNING: NVML: Failed to get GPU power usage: Not Supported
2024/12/05 (20:36:11) | WARNING: Intel GPU: Failed to initialize PMU

2024/12/07 (08:14:16) | ===> btop++ v.1.4.0
2024/12/07 (08:14:16) | WARNING: NVML: Failed to get maximum GPU power draw, defaulting to 225W: Not Supported
2024/12/07 (08:14:16) | WARNING: NVML: Failed to get GPU power usage: Not Supported
2024/12/07 (08:14:16) | WARNING: Intel GPU: Failed to initialize PMU

2024/12/07 (15:47:52) | ===> btop++ v.1.4.0
2024/12/07 (15:47:52) | WARNING: NVML: Failed to get maximum GPU power draw, defaulting to 225W: Not Supported
2024/12/07 (15:47:52) | WARNING: NVML: Failed to get GPU power usage: Not Supported
2024/12/07 (15:47:52) | WARNING: Intel GPU: Failed to initialize PMU

2024/12/07 (22:10:59) | ===> btop++ v.1.4.0
2024/12/07 (22:10:59) | WARNING: NVML: Failed to get maximum GPU power draw, defaulting to 225W: Not Supported
2024/12/07 (22:10:59) | WARNING: NVML: Failed to get GPU power usage: Not Supported
2024/12/07 (22:11:00) | WARNING: Intel GPU: Failed to initialize PMU

2024/12/08 (11:36:15) | ===> btop++ v.1.4.0
2024/12/08 (11:36:15) | WARNING: NVML: Failed to get maximum GPU power draw, defaulting to 225W: Not Supported
2024/12/08 (11:36:15) | WARNING: NVML: Failed to get GPU power usage: Not Supported
2024/12/08 (11:36:15) | WARNING: Intel GPU: Failed to initialize PMU

2024/12/08 (11:36:41) | ===> btop++ v.1.4.0
2024/12/08 (11:36:41) | WARNING: NVML: Failed to get maximum GPU power draw, defaulting to 225W: Not Supported
2024/12/08 (11:36:41) | WARNING: NVML: Failed to get GPU power usage: Not Supported
2024/12/08 (11:36:41) | WARNING: Intel GPU: Failed to initialize PMU

2024/12/08 (11:59:51) | ===> btop++ v.1.4.0
2024/12/08 (11:59:51) | WARNING: NVML: Failed to get maximum GPU power draw, defaulting to 225W: Not Supported
2024/12/08 (11:59:51) | WARNING: NVML: Failed to get GPU power usage: Not Supported
2024/12/08 (11:59:51) | WARNING: Intel GPU: Failed to initialize PMU

2024/12/08 (23:29:20) | ===> btop++ v.1.4.0
2024/12/08 (23:29:20) | WARNING: NVML: Failed to get maximum GPU power draw, defaulting to 225W: Not Supported
2024/12/08 (23:29:20) | WARNING: NVML: Failed to get GPU power usage: Not Supported
2024/12/08 (23:29:20) | WARNING: Intel GPU: Failed to initialize PMU

2024/12/09 (22:08:47) | ===> btop++ v.1.4.0
2024/12/09 (22:08:47) | WARNING: NVML: Failed to get maximum GPU power draw, defaulting to 225W: Not Supported
2024/12/09 (22:08:47) | WARNING: NVML: Failed to get GPU power usage: Not Supported
2024/12/09 (22:08:47) | WARNING: Intel GPU: Failed to initialize PMU

2024/12/10 (16:22:39) | ===> btop++ v.1.4.0
2024/12/10 (16:22:39) | WARNING: NVML: Failed to get maximum GPU power draw, defaulting to 225W: Not Supported
2024/12/10 (16:22:39) | WARNING: NVML: Failed to get GPU power usage: Not Supported
2024/12/10 (16:22:39) | WARNING: Intel GPU: Failed to initialize PMU

2024/12/10 (16:23:05) | ===> btop++ v.1.4.0
2024/12/10 (16:23:05) | WARNING: NVML: Failed to get maximum GPU power draw, defaulting to 225W: Not Supported
2024/12/10 (16:23:05) | WARNING: NVML: Failed to get GPU power usage: Not Supported
2024/12/10 (16:23:05) | WARNING: Intel GPU: Failed to initialize PMU

2024/12/10 (16:26:10) | ===> btop++ v.1.4.0
2024/12/10 (16:26:10) | WARNING: NVML: Failed to get maximum GPU power draw, defaulting to 225W: Not Supported
2024/12/10 (16:26:10) | WARNING: NVML: Failed to get GPU power usage: Not Supported
2024/12/10 (16:26:10) | WARNING: Intel GPU: Failed to initialize PMU

2024/12/10 (16:31:50) | ===> btop++ v.1.4.0
2024/12/10 (16:31:50) | WARNING: NVML: Failed to get maximum GPU power draw, defaulting to 225W: Not Supported
2024/12/10 (16:31:50) | WARNING: NVML: Failed to get GPU power usage: Not Supported
2024/12/10 (16:31:50) | WARNING: Intel GPU: Failed to initialize PMU

2024/12/10 (16:33:21) | ===> btop++ v.1.4.0
2024/12/10 (16:33:21) | WARNING: NVML: Failed to get maximum GPU power draw, defaulting to 225W: Not Supported
2024/12/10 (16:33:21) | WARNING: NVML: Failed to get GPU power usage: Not Supported
2024/12/10 (16:33:21) | WARNING: Intel GPU: Failed to initialize PMU

2024/12/10 (16:34:39) | ===> btop++ v.1.4.0
2024/12/10 (16:34:39) | WARNING: NVML: Failed to get maximum GPU power draw, defaulting to 225W: Not Supported
2024/12/10 (16:34:39) | WARNING: NVML: Failed to get GPU power usage: Not Supported
2024/12/10 (16:34:39) | WARNING: Intel GPU: Failed to initialize PMU

2024/12/10 (16:44:34) | ===> btop++ v.1.4.0
2024/12/10 (16:44:34) | WARNING: NVML: Failed to get maximum GPU power draw, defaulting to 225W: Not Supported
2024/12/10 (16:44:34) | WARNING: NVML: Failed to get GPU power usage: Not Supported
2024/12/10 (16:44:34) | WARNING: Intel GPU: Failed to initialize PMU

2024/12/10 (16:59:57) | ===> btop++ v.1.4.0
2024/12/10 (16:59:57) | WARNING: NVML: Failed to get maximum GPU power draw, defaulting to 225W: Not Supported
2024/12/10 (16:59:57) | WARNING: NVML: Failed to get GPU power usage: Not Supported
2024/12/10 (16:59:57) | WARNING: Intel GPU: Failed to initialize PMU

2024/12/10 (17:06:51) | ===> btop++ v.1.4.0
2024/12/10 (17:06:51) | WARNING: NVML: Failed to get maximum GPU power draw, defaulting to 225W: Not Supported
2024/12/10 (17:06:51) | WARNING: NVML: Failed to get GPU power usage: Not Supported
2024/12/10 (17:06:51) | WARNING: Intel GPU: Failed to initialize PMU

2024/12/10 (17:16:33) | ===> btop++ v.1.4.0
2024/12/10 (17:16:33) | WARNING: NVML: Failed to get maximum GPU power draw, defaulting to 225W: Not Supported
2024/12/10 (17:16:33) | WARNING: NVML: Failed to get GPU power usage: Not Supported
2024/12/10 (17:16:33) | WARNING: Intel GPU: Failed to initialize PMU

2024/12/10 (17:16:45) | ===> btop++ v.1.4.0
2024/12/10 (17:16:45) | WARNING: NVML: Failed to get maximum GPU power draw, defaulting to 225W: Not Supported
2024/12/10 (17:16:45) | WARNING: NVML: Failed to get GPU power usage: Not Supported
2024/12/10 (17:16:45) | WARNING: Intel GPU: Failed to initialize PMU

2024/12/10 (17:37:20) | ===> btop++ v.1.4.0
2024/12/10 (17:37:20) | WARNING: NVML: Failed to get maximum GPU power draw, defaulting to 225W: Not Supported
2024/12/10 (17:37:20) | WARNING: NVML: Failed to get GPU power usage: Not Supported
2024/12/10 (17:37:20) | WARNING: Intel GPU: Failed to initialize PMU

2024/12/12 (08:57:13) | ===> btop++ v.1.4.0
2024/12/12 (08:57:13) | WARNING: NVML: Failed to get maximum GPU power draw, defaulting to 225W: Not Supported
2024/12/12 (08:57:13) | WARNING: NVML: Failed to get GPU power usage: Not Supported
2024/12/12 (08:57:13) | WARNING: Intel GPU: Failed to initialize PMU

2024/12/13 (22:13:30) | ===> btop++ v.1.4.0
2024/12/13 (22:13:30) | WARNING: NVML: Failed to get maximum GPU power draw, defaulting to 225W: Not Supported
2024/12/13 (22:13:30) | WARNING: NVML: Failed to get GPU power usage: Not Supported
2024/12/13 (22:13:30) | WARNING: Intel GPU: Failed to initialize PMU

2024/12/13 (22:15:29) | ===> btop++ v.1.4.0
2024/12/13 (22:15:29) | WARNING: NVML: Failed to get maximum GPU power draw, defaulting to 225W: Not Supported
2024/12/13 (22:15:29) | WARNING: NVML: Failed to get GPU power usage: Not Supported
2024/12/13 (22:15:29) | WARNING: Intel GPU: Failed to initialize PMU

2024/12/14 (09:30:40) | ===> btop++ v.1.4.0
2024/12/14 (09:30:40) | WARNING: NVML: Failed to get maximum GPU power draw, defaulting to 225W: Not Supported
2024/12/14 (09:30:40) | WARNING: NVML: Failed to get GPU power usage: Not Supported
2024/12/14 (09:30:40) | WARNING: Intel GPU: Failed to initialize PMU

2024/12/14 (20:26:55) | ===> btop++ v.1.4.0
2024/12/14 (20:26:55) | WARNING: NVML: Failed to get maximum GPU power draw, defaulting to 225W: Not Supported
2024/12/14 (20:26:55) | WARNING: NVML: Failed to get GPU power usage: Not Supported
2024/12/14 (20:26:55) | WARNING: Intel GPU: Failed to initialize PMU

2024/12/15 (21:36:26) | ===> btop++ v.1.4.0
2024/12/15 (21:36:26) | WARNING: NVML: Failed to get maximum GPU power draw, defaulting to 225W: Not Supported
2024/12/15 (21:36:26) | WARNING: NVML: Failed to get GPU power usage: Not Supported
2024/12/15 (21:36:26) | WARNING: Intel GPU: Failed to initialize PMU

2024/12/17 (00:35:23) | ===> btop++ v.1.4.0
2024/12/17 (00:35:23) | WARNING: NVML: Failed to get maximum GPU power draw, defaulting to 225W: Not Supported
2024/12/17 (00:35:23) | WARNING: NVML: Failed to get GPU power usage: Not Supported
2024/12/17 (00:35:23) | WARNING: Intel GPU: Failed to initialize PMU

2024/12/20 (09:02:06) | ===> btop++ v.1.4.0
2024/12/20 (09:02:06) | WARNING: NVML: Failed to get maximum GPU power draw, defaulting to 225W: Not Supported
2024/12/20 (09:02:06) | WARNING: NVML: Failed to get GPU power usage: Not Supported
2024/12/20 (09:02:06) | WARNING: Intel GPU: Failed to initialize PMU

2024/12/21 (22:30:00) | ===> btop++ v.1.4.0
2024/12/21 (22:30:00) | WARNING: NVML: Failed to get maximum GPU power draw, defaulting to 225W: Not Supported
2024/12/21 (22:30:00) | WARNING: NVML: Failed to get GPU power usage: Not Supported
2024/12/21 (22:30:00) | WARNING: Intel GPU: Failed to initialize PMU

2024/12/21 (22:30:14) | ===> btop++ v.1.4.0
2024/12/21 (22:30:14) | WARNING: NVML: Failed to get maximum GPU power draw, defaulting to 225W: Not Supported
2024/12/21 (22:30:14) | WARNING: NVML: Failed to get GPU power usage: Not Supported
2024/12/21 (22:30:14) | WARNING: Intel GPU: Failed to initialize PMU

2024/12/22 (00:04:04) | ===> btop++ v.1.4.0
2024/12/22 (00:04:04) | WARNING: NVML: Failed to get maximum GPU power draw, defaulting to 225W: Not Supported
2024/12/22 (00:04:04) | WARNING: NVML: Failed to get GPU power usage: Not Supported
2024/12/22 (00:04:04) | WARNING: Intel GPU: Failed to initialize PMU

2024/12/24 (00:56:12) | ===> btop++ v.1.4.0
2024/12/24 (00:56:12) | WARNING: Intel GPU: Failed to initialize PMU

2024/12/24 (00:57:06) | ===> btop++ v.1.4.0
2024/12/24 (00:57:06) | WARNING: Intel GPU: Failed to initialize PMU

2024/12/25 (01:30:04) | ===> btop++ v.1.4.0
2024/12/25 (01:30:04) | WARNING: NVML: Failed to get maximum GPU power draw, defaulting to 225W: Not Supported
2024/12/25 (01:30:04) | WARNING: NVML: Failed to get GPU power usage: Not Supported
2024/12/25 (01:30:04) | WARNING: Intel GPU: Failed to initialize PMU

2024/12/25 (01:30:18) | ===> btop++ v.1.4.0
2024/12/25 (01:30:18) | WARNING: NVML: Failed to get maximum GPU power draw, defaulting to 225W: Not Supported
2024/12/25 (01:30:18) | WARNING: NVML: Failed to get GPU power usage: Not Supported
2024/12/25 (01:30:18) | WARNING: Intel GPU: Failed to initialize PMU

2024/12/25 (04:08:28) | ===> btop++ v.1.4.0
2024/12/25 (04:08:28) | WARNING: NVML: Failed to get maximum GPU power draw, defaulting to 225W: Not Supported
2024/12/25 (04:08:28) | WARNING: NVML: Failed to get GPU power usage: Not Supported
2024/12/25 (04:08:28) | WARNING: Intel GPU: Failed to initialize PMU

2024/12/26 (15:15:01) | ===> btop++ v.1.4.0
2024/12/26 (15:15:01) | WARNING: NVML: Failed to get maximum GPU power draw, defaulting to 225W: Not Supported
2024/12/26 (15:15:01) | WARNING: NVML: Failed to get GPU power usage: Not Supported
2024/12/26 (15:15:01) | WARNING: Intel GPU: Failed to initialize PMU

2024/12/26 (16:28:19) | ===> btop++ v.1.4.0
2024/12/26 (16:28:19) | WARNING: NVML: Failed to get maximum GPU power draw, defaulting to 225W: Not Supported
2024/12/26 (16:28:19) | WARNING: NVML: Failed to get GPU power usage: Not Supported
2024/12/26 (16:28:19) | WARNING: Intel GPU: Failed to initialize PMU

2024/12/26 (20:31:14) | ===> btop++ v.1.4.0
2024/12/26 (20:31:14) | WARNING: NVML: Failed to get maximum GPU power draw, defaulting to 225W: Not Supported
2024/12/26 (20:31:14) | WARNING: NVML: Failed to get GPU power usage: Not Supported
2024/12/26 (20:31:14) | WARNING: Intel GPU: Failed to initialize PMU

2024/12/26 (22:37:26) | ===> btop++ v.1.4.0
2024/12/26 (22:37:26) | WARNING: NVML: Failed to get maximum GPU power draw, defaulting to 225W: Not Supported
2024/12/26 (22:37:26) | WARNING: NVML: Failed to get GPU power usage: Not Supported
2024/12/26 (22:37:26) | WARNING: Intel GPU: Failed to initialize PMU

2024/12/27 (02:36:29) | ===> btop++ v.1.4.0
2024/12/27 (02:36:29) | WARNING: NVML: Failed to get maximum GPU power draw, defaulting to 225W: Not Supported
2024/12/27 (02:36:29) | WARNING: NVML: Failed to get GPU power usage: Not Supported
2024/12/27 (02:36:29) | WARNING: Intel GPU: Failed to initialize PMU

2024/12/28 (23:20:53) | ===> btop++ v.1.4.0
2024/12/28 (23:20:53) | WARNING: Intel GPU: Failed to initialize PMU
2024/12/28 (23:20:59) | ERROR: Stall in Runner thread, restarting!
2024/12/28 (23:21:34) | WARNING: Failed to join _runner thread on exit!

2024/12/30 (21:54:37) | ===> btop++ v.1.4.0
2024/12/30 (21:54:37) | WARNING: NVML: Failed to get maximum GPU power draw, defaulting to 225W: Not Supported
2024/12/30 (21:54:37) | WARNING: NVML: Failed to get GPU power usage: Not Supported

2024/12/30 (21:55:06) | ===> btop++ v.1.4.0
2024/12/30 (21:55:06) | WARNING: NVML: Failed to get maximum GPU power draw, defaulting to 225W: Not Supported
2024/12/30 (21:55:06) | WARNING: NVML: Failed to get GPU power usage: Not Supported

2024/12/30 (22:00:33) | ===> btop++ v.1.4.0
2024/12/30 (22:00:33) | WARNING: NVML: Failed to get maximum GPU power draw, defaulting to 225W: Not Supported
2024/12/30 (22:00:33) | WARNING: NVML: Failed to get GPU power usage: Not Supported

2024/12/31 (15:25:33) | ===> btop++ v.1.4.0
2024/12/31 (15:25:33) | WARNING: NVML: Failed to get maximum GPU power draw, defaulting to 225W: Not Supported
2024/12/31 (15:25:33) | WARNING: NVML: Failed to get GPU power usage: Not Supported

2025/01/01 (01:12:07) | ===> btop++ v.1.4.0
2025/01/01 (01:12:07) | WARNING: NVML: Failed to get maximum GPU power draw, defaulting to 225W: Not Supported
2025/01/01 (01:12:07) | WARNING: NVML: Failed to get GPU power usage: Not Supported

2025/01/01 (14:17:01) | ===> btop++ v.1.4.0
2025/01/01 (14:17:01) | WARNING: NVML: Failed to get maximum GPU power draw, defaulting to 225W: Not Supported
2025/01/01 (14:17:01) | WARNING: NVML: Failed to get GPU power usage: Not Supported

2025/01/03 (18:20:52) | ===> btop++ v.1.4.0
2025/01/03 (18:20:52) | WARNING: NVML: Failed to get maximum GPU power draw, defaulting to 225W: Not Supported
2025/01/03 (18:20:52) | WARNING: NVML: Failed to get GPU power usage: Not Supported

2025/01/03 (23:37:57) | ===> btop++ v.1.4.0
2025/01/03 (23:37:57) | WARNING: NVML: Failed to get maximum GPU power draw, defaulting to 225W: Not Supported
2025/01/03 (23:37:57) | WARNING: NVML: Failed to get GPU power usage: Not Supported

2025/01/07 (02:00:32) | ===> btop++ v.1.4.0
2025/01/07 (02:00:32) | WARNING: NVML: Failed to get maximum GPU power draw, defaulting to 225W: Not Supported
2025/01/07 (02:00:32) | WARNING: NVML: Failed to get GPU power usage: Not Supported

2025/01/08 (00:00:39) | ===> btop++ v.1.4.0
2025/01/08 (00:00:39) | WARNING: NVML: Failed to get maximum GPU power draw, defaulting to 225W: Not Supported
2025/01/08 (00:00:39) | WARNING: NVML: Failed to get GPU power usage: Not Supported

2025/01/09 (08:14:26) | ===> btop++ v.1.4.0
2025/01/09 (08:14:26) | WARNING: NVML: Failed to get maximum GPU power draw, defaulting to 225W: Not Supported
2025/01/09 (08:14:26) | WARNING: NVML: Failed to get GPU power usage: Not Supported

2025/01/09 (08:16:38) | ===> btop++ v.1.4.0
2025/01/09 (08:16:38) | WARNING: NVML: Failed to get maximum GPU power draw, defaulting to 225W: Not Supported
2025/01/09 (08:16:38) | WARNING: NVML: Failed to get GPU power usage: Not Supported

2025/01/09 (19:07:51) | ===> btop++ v.1.4.0
2025/01/09 (19:07:51) | WARNING: NVML: Failed to get maximum GPU power draw, defaulting to 225W: Not Supported
2025/01/09 (19:07:51) | WARNING: NVML: Failed to get GPU power usage: Not Supported

2025/01/09 (19:13:41) | ===> btop++ v.1.4.0
2025/01/09 (19:13:41) | WARNING: NVML: Failed to get maximum GPU power draw, defaulting to 225W: Not Supported
2025/01/09 (19:13:41) | WARNING: NVML: Failed to get GPU power usage: Not Supported

2025/01/09 (20:11:27) | ===> btop++ v.1.4.0
2025/01/09 (20:11:27) | WARNING: NVML: Failed to get maximum GPU power draw, defaulting to 225W: Not Supported
2025/01/09 (20:11:27) | WARNING: NVML: Failed to get GPU power usage: Not Supported

2025/01/11 (08:28:30) | ===> btop++ v.1.4.0
2025/01/11 (08:28:30) | WARNING: NVML: Failed to get maximum GPU power draw, defaulting to 225W: Not Supported
2025/01/11 (08:28:30) | WARNING: NVML: Failed to get GPU power usage: Not Supported

2025/01/12 (20:29:15) | ===> btop++ v.1.4.0
2025/01/12 (20:29:15) | WARNING: NVML: Failed to get maximum GPU power draw, defaulting to 225W: Not Supported
2025/01/12 (20:29:15) | WARNING: NVML: Failed to get GPU power usage: Not Supported

2025/01/12 (20:51:34) | ===> btop++ v.1.4.0
2025/01/12 (20:51:34) | WARNING: NVML: Failed to get maximum GPU power draw, defaulting to 225W: Not Supported
2025/01/12 (20:51:34) | WARNING: NVML: Failed to get GPU power usage: Not Supported

2025/01/12 (21:04:29) | ===> btop++ v.1.4.0
2025/01/12 (21:04:29) | WARNING: NVML: Failed to get maximum GPU power draw, defaulting to 225W: Not Supported
2025/01/12 (21:04:29) | WARNING: NVML: Failed to get GPU power usage: Not Supported

2025/01/12 (21:23:25) | ===> btop++ v.1.4.0
2025/01/12 (21:23:25) | WARNING: NVML: Failed to get maximum GPU power draw, defaulting to 225W: Not Supported
2025/01/12 (21:23:25) | WARNING: NVML: Failed to get GPU power usage: Not Supported

2025/01/12 (21:23:45) | ===> btop++ v.1.4.0
2025/01/12 (21:23:45) | WARNING: NVML: Failed to get maximum GPU power draw, defaulting to 225W: Not Supported
2025/01/12 (21:23:45) | WARNING: NVML: Failed to get GPU power usage: Not Supported

2025/01/12 (21:24:20) | ===> btop++ v.1.4.0
2025/01/12 (21:24:20) | WARNING: NVML: Failed to get maximum GPU power draw, defaulting to 225W: Not Supported
2025/01/12 (21:24:20) | WARNING: NVML: Failed to get GPU power usage: Not Supported

2025/01/12 (22:04:11) | ===> btop++ v.1.4.0
2025/01/12 (22:04:11) | WARNING: NVML: Failed to get maximum GPU power draw, defaulting to 225W: Not Supported
2025/01/12 (22:04:11) | WARNING: NVML: Failed to get GPU power usage: Not Supported

2025/01/12 (22:11:01) | ===> btop++ v.1.4.0
2025/01/12 (22:11:01) | WARNING: NVML: Failed to get maximum GPU power draw, defaulting to 225W: Not Supported
2025/01/12 (22:11:01) | WARNING: NVML: Failed to get GPU power usage: Not Supported

2025/01/13 (15:06:33) | ===> btop++ v.1.4.0
2025/01/13 (15:06:33) | WARNING: NVML: Failed to get maximum GPU power draw, defaulting to 225W: Not Supported
2025/01/13 (15:06:33) | WARNING: NVML: Failed to get GPU power usage: Not Supported

2025/02/07 (11:15:13) | ===> btop++ v.1.4.0
2025/02/07 (11:15:13) | WARNING: NVML: Failed to get maximum GPU power draw, defaulting to 225W: Not Supported
2025/02/07 (11:15:13) | WARNING: NVML: Failed to get GPU power usage: Not Supported

2025/02/13 (22:22:34) | ===> btop++ v.1.4.0
2025/02/13 (22:22:34) | WARNING: Failed to join _runner thread on exit!

2025/02/25 (17:59:21) | ===> btop++ v.1.4.0
2025/02/25 (17:59:21) | WARNING: Failed to join _runner thread on exit!

2025/02/25 (17:59:44) | ===> btop++ v.1.4.0
2025/02/25 (17:59:44) | WARNING: Failed to join _runner thread on exit!

2025/03/02 (19:38:14) | ===> btop++ v.1.4.0
2025/03/02 (19:38:14) | WARNING: Failed to join _runner thread on exit!

2025/03/04 (00:03:55) | ===> btop++ v.1.4.0
2025/03/04 (00:03:55) | WARNING: Failed to join _runner thread on exit!

2025/03/04 (15:56:49) | ===> btop++ v.1.4.0
2025/03/04 (15:56:49) | ERROR: Couldn't determine terminal size of "STDOUT_FILENO"!
2025/03/04 (15:56:49) | ERROR: Couldn't determine terminal size of "/dev/tty"!

2025/03/04 (20:03:42) | ===> btop++ v.1.4.0
2025/03/04 (20:03:42) | WARNING: Failed to join _runner thread on exit!

2025/03/04 (20:04:52) | ===> btop++ v.1.4.0
2025/03/04 (20:04:52) | WARNING: Failed to join _runner thread on exit!

2025/03/04 (23:18:18) | ===> btop++ v.1.4.0
2025/03/04 (23:18:18) | WARNING: Failed to join _runner thread on exit!

2025/03/05 (20:03:40) | ===> btop++ v.1.4.0
2025/03/05 (20:03:40) | WARNING: Failed to join _runner thread on exit!

2025/03/05 (20:05:39) | ===> btop++ v.1.4.0
2025/03/05 (20:05:39) | WARNING: Failed to join _runner thread on exit!

2025/03/05 (22:07:52) | ===> btop++ v.1.4.0
2025/03/05 (22:07:52) | WARNING: Failed to join _runner thread on exit!

2025/03/05 (23:07:34) | ===> btop++ v.1.4.0
2025/03/05 (23:07:34) | WARNING: Failed to join _runner thread on exit!

2025/03/06 (09:17:52) | ===> btop++ v.1.4.0
2025/03/06 (09:17:52) | WARNING: Intel GPU: Failed to initialize PMU

2025/03/06 (09:59:26) | ===> btop++ v.1.4.0
2025/03/06 (09:59:26) | WARNING: Intel GPU: Failed to initialize PMU

2025/03/06 (10:18:05) | ===> btop++ v.1.4.0
2025/03/06 (10:18:05) | WARNING: Intel GPU: Failed to initialize PMU

2025/03/06 (10:31:06) | ===> btop++ v.1.4.0
2025/03/06 (10:31:06) | WARNING: Intel GPU: Failed to initialize PMU

2025/03/06 (10:33:40) | ===> btop++ v.1.4.0
2025/03/06 (10:33:40) | WARNING: Intel GPU: Failed to initialize PMU

2025/03/06 (10:35:45) | ===> btop++ v.1.4.0
2025/03/06 (10:35:45) | WARNING: Intel GPU: Failed to initialize PMU

2025/03/06 (10:51:26) | ===> btop++ v.1.4.0
2025/03/06 (10:51:26) | WARNING: Intel GPU: Failed to initialize PMU

2025/03/06 (10:52:06) | ===> btop++ v.1.4.0
2025/03/06 (10:52:06) | WARNING: Intel GPU: Failed to initialize PMU

2025/03/06 (10:59:12) | ===> btop++ v.1.4.0
2025/03/06 (10:59:12) | WARNING: Intel GPU: Failed to initialize PMU

2025/03/06 (11:04:28) | ===> btop++ v.1.4.0
2025/03/06 (11:04:28) | WARNING: Intel GPU: Failed to initialize PMU

2025/03/06 (11:04:35) | ===> btop++ v.1.4.0
2025/03/06 (11:04:35) | WARNING: Intel GPU: Failed to initialize PMU

2025/03/06 (11:08:31) | ===> btop++ v.1.4.0
2025/03/06 (11:08:31) | WARNING: Intel GPU: Failed to initialize PMU

2025/03/06 (11:13:30) | ===> btop++ v.1.4.0
2025/03/06 (11:13:30) | WARNING: Intel GPU: Failed to initialize PMU

2025/03/06 (11:14:37) | ===> btop++ v.1.4.0
2025/03/06 (11:14:37) | WARNING: Intel GPU: Failed to initialize PMU

2025/03/06 (11:38:54) | ===> btop++ v.1.4.0
2025/03/06 (11:38:54) | WARNING: Intel GPU: Failed to initialize PMU

2025/03/06 (12:05:34) | ===> btop++ v.1.4.0
2025/03/06 (12:05:34) | WARNING: Intel GPU: Failed to initialize PMU

2025/03/06 (12:06:25) | ===> btop++ v.1.4.0
2025/03/06 (12:06:25) | WARNING: Intel GPU: Failed to initialize PMU

2025/03/06 (12:06:32) | ===> btop++ v.1.4.0
2025/03/06 (12:06:32) | WARNING: Intel GPU: Failed to initialize PMU

2025/03/06 (13:40:00) | ===> btop++ v.1.4.0
2025/03/06 (13:40:00) | WARNING: Intel GPU: Failed to initialize PMU

2025/03/06 (14:20:03) | ===> btop++ v.1.4.0
2025/03/06 (14:20:03) | WARNING: Intel GPU: Failed to initialize PMU

2025/03/06 (14:23:40) | ===> btop++ v.1.4.0
2025/03/06 (14:23:40) | WARNING: Intel GPU: Failed to initialize PMU

2025/03/06 (14:23:55) | ===> btop++ v.1.4.0
2025/03/06 (14:23:55) | WARNING: Intel GPU: Failed to initialize PMU

2025/03/06 (14:26:21) | ===> btop++ v.1.4.0
2025/03/06 (14:26:21) | WARNING: Intel GPU: Failed to initialize PMU
2025/03/06 (14:26:24) | WARNING: Failed to join _runner thread on exit!

2025/03/06 (15:53:16) | ===> btop++ v.1.4.0
2025/03/06 (15:53:16) | WARNING: Intel GPU: Failed to initialize PMU

2025/03/06 (16:42:01) | ===> btop++ v.1.4.0
2025/03/06 (16:42:01) | WARNING: Intel GPU: Failed to initialize PMU

2025/03/06 (16:54:07) | ===> btop++ v.1.4.0
2025/03/06 (16:54:07) | WARNING: Intel GPU: Failed to initialize PMU

2025/03/06 (17:04:17) | ===> btop++ v.1.4.0
2025/03/06 (17:04:17) | WARNING: Intel GPU: Failed to initialize PMU

2025/03/06 (19:39:54) | ===> btop++ v.1.4.0
2025/03/06 (19:39:54) | WARNING: Intel GPU: Failed to initialize PMU

2025/03/06 (19:40:06) | ===> btop++ v.1.4.0
2025/03/06 (19:40:06) | WARNING: Intel GPU: Failed to initialize PMU

2025/03/06 (19:51:20) | ===> btop++ v.1.4.0
2025/03/06 (19:51:20) | WARNING: Intel GPU: Failed to initialize PMU

2025/03/06 (20:03:07) | ===> btop++ v.1.4.0
2025/03/06 (20:03:07) | WARNING: Intel GPU: Failed to initialize PMU

2025/03/06 (20:03:43) | ===> btop++ v.1.4.0
2025/03/06 (20:03:43) | WARNING: Intel GPU: Failed to initialize PMU

2025/03/06 (20:04:57) | ===> btop++ v.1.4.0
2025/03/06 (20:04:57) | WARNING: Intel GPU: Failed to initialize PMU

2025/03/06 (20:05:11) | ===> btop++ v.1.4.0
2025/03/06 (20:05:11) | WARNING: Intel GPU: Failed to initialize PMU

2025/03/06 (20:05:22) | ===> btop++ v.1.4.0
2025/03/06 (20:05:22) | WARNING: Intel GPU: Failed to initialize PMU

2025/03/06 (20:05:40) | ===> btop++ v.1.4.0
2025/03/06 (20:05:40) | WARNING: Intel GPU: Failed to initialize PMU

2025/03/06 (22:04:57) | ===> btop++ v.1.4.0
2025/03/06 (22:04:57) | WARNING: Intel GPU: Failed to initialize PMU

2025/03/06 (22:54:49) | ===> btop++ v.1.4.0
2025/03/06 (22:54:49) | WARNING: Intel GPU: Failed to initialize PMU

2025/03/06 (23:00:29) | ===> btop++ v.1.4.0
2025/03/06 (23:00:29) | WARNING: Intel GPU: Failed to initialize PMU

2025/03/06 (23:00:42) | ===> btop++ v.1.4.0
2025/03/06 (23:00:42) | WARNING: Intel GPU: Failed to initialize PMU

2025/03/06 (23:04:57) | ===> btop++ v.1.4.0
2025/03/06 (23:04:57) | WARNING: Intel GPU: Failed to initialize PMU
2025/03/06 (23:05:02) | WARNING: Failed to join _runner thread on exit!

2025/03/06 (23:23:05) | ===> btop++ v.1.4.0
2025/03/06 (23:23:05) | WARNING: Intel GPU: Failed to initialize PMU

2025/03/06 (23:27:16) | ===> btop++ v.1.4.0
2025/03/06 (23:27:16) | WARNING: Intel GPU: Failed to initialize PMU

2025/03/06 (23:28:41) | ===> btop++ v.1.4.0
2025/03/06 (23:28:41) | WARNING: Intel GPU: Failed to initialize PMU

2025/03/06 (23:35:10) | ===> btop++ v.1.4.0
2025/03/06 (23:35:10) | WARNING: Intel GPU: Failed to initialize PMU

2025/03/06 (23:45:19) | ===> btop++ v.1.4.0
2025/03/06 (23:45:19) | WARNING: Intel GPU: Failed to initialize PMU

2025/03/06 (23:45:53) | ===> btop++ v.1.4.0
2025/03/06 (23:45:53) | WARNING: Intel GPU: Failed to initialize PMU

2025/03/06 (23:55:24) | ===> btop++ v.1.4.0
2025/03/06 (23:55:24) | WARNING: Intel GPU: Failed to initialize PMU

2025/03/06 (23:56:03) | ===> btop++ v.1.4.0
2025/03/06 (23:56:03) | WARNING: Intel GPU: Failed to initialize PMU

2025/03/07 (00:02:39) | ===> btop++ v.1.4.0
2025/03/07 (00:02:39) | WARNING: Intel GPU: Failed to initialize PMU

2025/03/07 (00:02:45) | ===> btop++ v.1.4.0
2025/03/07 (00:02:45) | WARNING: Intel GPU: Failed to initialize PMU

2025/03/07 (00:03:44) | ===> btop++ v.1.4.0
2025/03/07 (00:03:44) | WARNING: Intel GPU: Failed to initialize PMU

2025/03/07 (00:05:23) | ===> btop++ v.1.4.0
2025/03/07 (00:05:23) | WARNING: Intel GPU: Failed to initialize PMU

2025/03/07 (01:22:26) | ===> btop++ v.1.4.0
2025/03/07 (01:22:26) | WARNING: Intel GPU: Failed to initialize PMU

2025/03/07 (01:25:44) | ===> btop++ v.1.4.0
2025/03/07 (01:25:44) | WARNING: Intel GPU: Failed to initialize PMU

2025/03/07 (01:33:46) | ===> btop++ v.1.4.0
2025/03/07 (01:33:46) | WARNING: Intel GPU: Failed to initialize PMU

2025/03/07 (01:35:43) | ===> btop++ v.1.4.0
2025/03/07 (01:35:43) | WARNING: Intel GPU: Failed to initialize PMU

2025/03/07 (01:36:21) | ===> btop++ v.1.4.0
2025/03/07 (01:36:21) | WARNING: Intel GPU: Failed to initialize PMU

2025/03/07 (01:39:22) | ===> btop++ v.1.4.0
2025/03/07 (01:39:22) | WARNING: Intel GPU: Failed to initialize PMU

2025/03/07 (10:12:54) | ===> btop++ v.1.4.0
2025/03/07 (10:12:54) | WARNING: Intel GPU: Failed to initialize PMU

2025/03/07 (11:43:55) | ===> btop++ v.1.4.0
2025/03/07 (11:43:55) | WARNING: Intel GPU: Failed to initialize PMU

2025/03/07 (12:23:52) | ===> btop++ v.1.4.0
2025/03/07 (12:23:52) | WARNING: Intel GPU: Failed to initialize PMU

2025/03/07 (12:54:56) | ===> btop++ v.1.4.0
2025/03/07 (12:54:56) | WARNING: Intel GPU: Failed to initialize PMU

2025/03/07 (13:38:46) | ===> btop++ v.1.4.0
2025/03/07 (13:38:46) | WARNING: Intel GPU: Failed to initialize PMU

2025/03/08 (01:25:00) | ===> btop++ v.1.4.0
2025/03/08 (01:25:00) | WARNING: Intel GPU: Failed to initialize PMU

2025/03/08 (01:26:58) | ===> btop++ v.1.4.0
2025/03/08 (01:26:58) | WARNING: Intel GPU: Failed to initialize PMU

2025/03/08 (08:41:59) | ===> btop++ v.1.4.0
2025/03/08 (08:41:59) | WARNING: Intel GPU: Failed to initialize PMU

2025/03/08 (09:46:31) | ===> btop++ v.1.4.0
2025/03/08 (09:46:31) | WARNING: NVML: Failed to get maximum GPU power draw, defaulting to 225W: Not Supported
2025/03/08 (09:46:31) | WARNING: NVML: Failed to get GPU power usage: Not Supported
2025/03/08 (09:46:31) | WARNING: Intel GPU: Failed to initialize PMU

2025/03/08 (09:46:39) | ===> btop++ v.1.4.0
2025/03/08 (09:46:39) | WARNING: NVML: Failed to get maximum GPU power draw, defaulting to 225W: Not Supported
2025/03/08 (09:46:39) | WARNING: NVML: Failed to get GPU power usage: Not Supported
2025/03/08 (09:46:39) | WARNING: Intel GPU: Failed to initialize PMU

2025/03/08 (18:39:05) | ===> btop++ v.1.4.0
2025/03/08 (18:39:05) | WARNING: NVML: Failed to get maximum GPU power draw, defaulting to 225W: Not Supported
2025/03/08 (18:39:05) | WARNING: NVML: Failed to get GPU power usage: Not Supported
2025/03/08 (18:39:05) | WARNING: Intel GPU: Failed to initialize PMU

2025/03/08 (18:41:41) | ===> btop++ v.1.4.0
2025/03/08 (18:41:41) | WARNING: NVML: Failed to get maximum GPU power draw, defaulting to 225W: Not Supported
2025/03/08 (18:41:41) | WARNING: NVML: Failed to get GPU power usage: Not Supported
2025/03/08 (18:41:41) | WARNING: Intel GPU: Failed to initialize PMU

2025/03/08 (19:58:25) | ===> btop++ v.1.4.0
2025/03/08 (19:58:25) | WARNING: NVML: Failed to get maximum GPU power draw, defaulting to 225W: Not Supported
2025/03/08 (19:58:25) | WARNING: NVML: Failed to get GPU power usage: Not Supported
2025/03/08 (19:58:25) | WARNING: Intel GPU: Failed to initialize PMU

2025/03/08 (19:58:34) | ===> btop++ v.1.4.0
2025/03/08 (19:58:34) | WARNING: NVML: Failed to get maximum GPU power draw, defaulting to 225W: Not Supported
2025/03/08 (19:58:34) | WARNING: NVML: Failed to get GPU power usage: Not Supported
2025/03/08 (19:58:34) | WARNING: Intel GPU: Failed to initialize PMU

2025/03/08 (19:59:26) | ===> btop++ v.1.4.0
2025/03/08 (19:59:26) | WARNING: NVML: Failed to get maximum GPU power draw, defaulting to 225W: Not Supported
2025/03/08 (19:59:26) | WARNING: NVML: Failed to get GPU power usage: Not Supported
2025/03/08 (19:59:26) | WARNING: Intel GPU: Failed to initialize PMU

2025/03/08 (19:59:53) | ===> btop++ v.1.4.0
2025/03/08 (19:59:53) | WARNING: NVML: Failed to get maximum GPU power draw, defaulting to 225W: Not Supported
2025/03/08 (19:59:53) | WARNING: NVML: Failed to get GPU power usage: Not Supported
2025/03/08 (19:59:53) | WARNING: Intel GPU: Failed to initialize PMU

2025/03/08 (20:01:46) | ===> btop++ v.1.4.0
2025/03/08 (20:01:46) | WARNING: NVML: Failed to get maximum GPU power draw, defaulting to 225W: Not Supported
2025/03/08 (20:01:46) | WARNING: NVML: Failed to get GPU power usage: Not Supported
2025/03/08 (20:01:46) | WARNING: Intel GPU: Failed to initialize PMU

2025/03/08 (20:02:24) | ===> btop++ v.1.4.0
2025/03/08 (20:02:24) | WARNING: NVML: Failed to get maximum GPU power draw, defaulting to 225W: Not Supported
2025/03/08 (20:02:24) | WARNING: NVML: Failed to get GPU power usage: Not Supported
2025/03/08 (20:02:24) | WARNING: Intel GPU: Failed to initialize PMU

2025/03/08 (20:03:02) | ===> btop++ v.1.4.0
2025/03/08 (20:03:02) | WARNING: NVML: Failed to get maximum GPU power draw, defaulting to 225W: Not Supported
2025/03/08 (20:03:02) | WARNING: NVML: Failed to get GPU power usage: Not Supported
2025/03/08 (20:03:02) | WARNING: Intel GPU: Failed to initialize PMU
2025/03/08 (20:03:06) | ERROR: Couldn't determine terminal size of "STDOUT_FILENO"!
2025/03/08 (20:03:06) | ERROR: Couldn't determine terminal size of "/dev/tty"!

2025/03/08 (20:03:25) | ===> btop++ v.1.4.0
2025/03/08 (20:03:25) | WARNING: NVML: Failed to get maximum GPU power draw, defaulting to 225W: Not Supported
2025/03/08 (20:03:25) | WARNING: NVML: Failed to get GPU power usage: Not Supported
2025/03/08 (20:03:25) | WARNING: Intel GPU: Failed to initialize PMU

2025/03/08 (20:03:31) | ===> btop++ v.1.4.0
2025/03/08 (20:03:31) | WARNING: NVML: Failed to get maximum GPU power draw, defaulting to 225W: Not Supported
2025/03/08 (20:03:31) | WARNING: NVML: Failed to get GPU power usage: Not Supported
2025/03/08 (20:03:31) | WARNING: Intel GPU: Failed to initialize PMU

2025/03/08 (20:04:03) | ===> btop++ v.1.4.0
2025/03/08 (20:04:03) | WARNING: NVML: Failed to get maximum GPU power draw, defaulting to 225W: Not Supported
2025/03/08 (20:04:03) | WARNING: NVML: Failed to get GPU power usage: Not Supported
2025/03/08 (20:04:03) | WARNING: Intel GPU: Failed to initialize PMU

2025/03/08 (20:04:07) | ===> btop++ v.1.4.0
2025/03/08 (20:04:07) | WARNING: NVML: Failed to get maximum GPU power draw, defaulting to 225W: Not Supported
2025/03/08 (20:04:07) | WARNING: NVML: Failed to get GPU power usage: Not Supported
2025/03/08 (20:04:07) | WARNING: Intel GPU: Failed to initialize PMU

2025/03/08 (20:04:18) | ===> btop++ v.1.4.0
2025/03/08 (20:04:18) | WARNING: NVML: Failed to get maximum GPU power draw, defaulting to 225W: Not Supported
2025/03/08 (20:04:18) | WARNING: NVML: Failed to get GPU power usage: Not Supported
2025/03/08 (20:04:18) | WARNING: Intel GPU: Failed to initialize PMU

2025/03/08 (20:04:35) | ===> btop++ v.1.4.0
2025/03/08 (20:04:35) | WARNING: NVML: Failed to get maximum GPU power draw, defaulting to 225W: Not Supported
2025/03/08 (20:04:35) | WARNING: NVML: Failed to get GPU power usage: Not Supported
2025/03/08 (20:04:35) | WARNING: Intel GPU: Failed to initialize PMU

2025/03/08 (20:05:03) | ===> btop++ v.1.4.0
2025/03/08 (20:05:03) | WARNING: NVML: Failed to get maximum GPU power draw, defaulting to 225W: Not Supported
2025/03/08 (20:05:03) | WARNING: NVML: Failed to get GPU power usage: Not Supported
2025/03/08 (20:05:03) | WARNING: Intel GPU: Failed to initialize PMU

2025/03/08 (20:15:50) | ===> btop++ v.1.4.0
2025/03/08 (20:15:50) | WARNING: NVML: Failed to get maximum GPU power draw, defaulting to 225W: Not Supported
2025/03/08 (20:15:50) | WARNING: NVML: Failed to get GPU power usage: Not Supported
2025/03/08 (20:15:50) | WARNING: Intel GPU: Failed to initialize PMU

2025/03/08 (20:17:07) | ===> btop++ v.1.4.0
2025/03/08 (20:17:07) | WARNING: NVML: Failed to get maximum GPU power draw, defaulting to 225W: Not Supported
2025/03/08 (20:17:07) | WARNING: NVML: Failed to get GPU power usage: Not Supported
2025/03/08 (20:17:07) | WARNING: Intel GPU: Failed to initialize PMU

2025/03/08 (21:50:39) | ===> btop++ v.1.4.0
2025/03/08 (21:50:39) | WARNING: NVML: Failed to get maximum GPU power draw, defaulting to 225W: Not Supported
2025/03/08 (21:50:39) | WARNING: NVML: Failed to get GPU power usage: Not Supported
2025/03/08 (21:50:39) | WARNING: Intel GPU: Failed to initialize PMU

2025/03/08 (21:50:59) | ===> btop++ v.1.4.0
2025/03/08 (21:50:59) | WARNING: NVML: Failed to get maximum GPU power draw, defaulting to 225W: Not Supported
2025/03/08 (21:50:59) | WARNING: NVML: Failed to get GPU power usage: Not Supported
2025/03/08 (21:50:59) | WARNING: Intel GPU: Failed to initialize PMU

2025/03/09 (01:55:28) | ===> btop++ v.1.4.0
2025/03/09 (01:55:28) | WARNING: NVML: Failed to get maximum GPU power draw, defaulting to 225W: Not Supported
2025/03/09 (01:55:28) | WARNING: NVML: Failed to get GPU power usage: Not Supported
2025/03/09 (01:55:28) | WARNING: Intel GPU: Failed to initialize PMU

2025/03/09 (02:06:42) | ===> btop++ v.1.4.0
2025/03/09 (02:06:42) | WARNING: NVML: Failed to get maximum GPU power draw, defaulting to 225W: Not Supported
2025/03/09 (02:06:42) | WARNING: NVML: Failed to get GPU power usage: Not Supported
2025/03/09 (02:06:42) | WARNING: Intel GPU: Failed to initialize PMU

2025/03/09 (07:48:48) | ===> btop++ v.1.4.0
2025/03/09 (07:48:48) | WARNING: NVML: Failed to get maximum GPU power draw, defaulting to 225W: Not Supported
2025/03/09 (07:48:48) | WARNING: NVML: Failed to get GPU power usage: Not Supported
2025/03/09 (07:48:48) | WARNING: Intel GPU: Failed to initialize PMU

2025/03/11 (12:46:19) | ===> btop++ v.1.4.0
2025/03/11 (12:46:19) | WARNING: Intel GPU: Failed to initialize PMU

2025/03/12 (00:27:26) | ===> btop++ v.1.4.0
2025/03/12 (00:27:26) | WARNING: Intel GPU: Failed to initialize PMU

2025/03/12 (15:31:35) | ===> btop++ v.1.4.0
2025/03/12 (15:31:35) | WARNING: Intel GPU: Failed to initialize PMU

2025/03/13 (05:07:46) | ===> btop++ v.1.4.0
2025/03/13 (05:07:46) | WARNING: Intel GPU: Failed to initialize PMU

2025/03/13 (05:11:44) | ===> btop++ v.1.4.0
2025/03/13 (05:11:44) | WARNING: Intel GPU: Failed to initialize PMU
2025/03/13 (05:12:21) | WARNING: Failed to join _runner thread on exit!

2025/03/13 (15:37:03) | ===> btop++ v.1.4.0
2025/03/13 (15:37:03) | WARNING: Intel GPU: Failed to initialize PMU

2025/03/13 (15:49:35) | ===> btop++ v.1.4.0
2025/03/13 (15:49:35) | WARNING: Intel GPU: Failed to initialize PMU

2025/03/13 (16:29:54) | ===> btop++ v.1.4.0
2025/03/13 (16:29:54) | WARNING: Intel GPU: Failed to initialize PMU

2025/03/13 (19:13:43) | ===> btop++ v.1.4.0
2025/03/13 (19:13:43) | WARNING: Intel GPU: Failed to initialize PMU

2025/03/13 (23:32:56) | ===> btop++ v.1.4.0
2025/03/13 (23:32:56) | WARNING: Intel GPU: Failed to initialize PMU

2025/03/14 (00:55:03) | ===> btop++ v.1.4.0
2025/03/14 (00:55:03) | WARNING: Intel GPU: Failed to initialize PMU
2025/03/14 (00:55:10) | WARNING: Failed to join _runner thread on exit!

2025/03/14 (02:55:15) | ===> btop++ v.1.4.0
2025/03/14 (02:55:15) | WARNING: Intel GPU: Failed to initialize PMU

2025/03/14 (03:22:34) | ===> btop++ v.1.4.0
2025/03/14 (03:22:34) | WARNING: Intel GPU: Failed to initialize PMU

2025/03/14 (03:22:40) | ===> btop++ v.1.4.0
2025/03/14 (03:22:40) | WARNING: Intel GPU: Failed to initialize PMU

2025/03/14 (04:18:15) | ===> btop++ v.1.4.0
2025/03/14 (04:18:15) | WARNING: Intel GPU: Failed to initialize PMU

2025/03/15 (10:19:35) | ===> btop++ v.1.4.0
2025/03/15 (10:19:35) | WARNING: Intel GPU: Failed to initialize PMU

2025/03/15 (10:19:52) | ===> btop++ v.1.4.0
2025/03/15 (10:19:52) | WARNING: Intel GPU: Failed to initialize PMU

2025/03/15 (16:52:57) | ===> btop++ v.1.4.0
2025/03/15 (16:52:57) | WARNING: Intel GPU: Failed to initialize PMU

2025/03/15 (21:54:17) | ===> btop++ v.1.4.0
2025/03/15 (21:54:17) | WARNING: Intel GPU: Failed to initialize PMU

2025/03/15 (21:54:52) | ===> btop++ v.1.4.0
2025/03/15 (21:54:52) | WARNING: Intel GPU: Failed to initialize PMU

2025/03/19 (00:48:24) | ===> btop++ v.1.4.0
2025/03/19 (00:48:24) | WARNING: Intel GPU: Failed to initialize PMU

2025/03/19 (00:48:45) | ===> btop++ v.1.4.0
2025/03/19 (00:48:45) | WARNING: Intel GPU: Failed to initialize PMU

2025/03/19 (00:50:57) | ===> btop++ v.1.4.0
2025/03/19 (00:50:57) | WARNING: Intel GPU: Failed to initialize PMU

2025/03/22 (08:52:30) | ===> btop++ v.1.4.0
2025/03/22 (08:52:30) | WARNING: Intel GPU: Failed to initialize PMU

2025/03/22 (22:06:57) | ===> btop++ v.1.4.0
2025/03/22 (22:06:57) | WARNING: Intel GPU: Failed to initialize PMU

2025/03/23 (16:31:51) | ===> btop++ v.1.4.0
2025/03/23 (16:31:51) | WARNING: Intel GPU: Failed to initialize PMU

2025/03/23 (16:47:53) | ===> btop++ v.1.4.0
2025/03/23 (16:47:53) | WARNING: Intel GPU: Failed to initialize PMU

2025/03/23 (16:48:13) | ===> btop++ v.1.4.0
2025/03/23 (16:48:13) | WARNING: Intel GPU: Failed to initialize PMU

2025/03/23 (16:51:01) | ===> btop++ v.1.4.0
2025/03/23 (16:51:01) | WARNING: Intel GPU: Failed to initialize PMU

2025/03/23 (20:14:06) | ===> btop++ v.1.4.0
2025/03/23 (20:14:06) | WARNING: Intel GPU: Failed to initialize PMU

2025/03/23 (22:54:36) | ===> btop++ v.1.4.0
2025/03/23 (22:54:36) | WARNING: Intel GPU: Failed to initialize PMU

2025/03/25 (23:04:53) | ===> btop++ v.1.4.0
2025/03/25 (23:04:53) | WARNING: Intel GPU: Failed to initialize PMU

2025/03/26 (00:08:05) | ===> btop++ v.1.4.0
2025/03/26 (00:08:05) | WARNING: Intel GPU: Failed to initialize PMU

2025/03/26 (00:36:01) | ===> btop++ v.1.4.0
2025/03/26 (00:36:01) | WARNING: Intel GPU: Failed to initialize PMU
2025/03/26 (00:36:05) | WARNING: Failed to join _runner thread on exit!

2025/03/26 (21:13:36) | ===> btop++ v.1.4.0
2025/03/26 (21:13:36) | WARNING: Intel GPU: Failed to initialize PMU

2025/03/27 (09:05:30) | ===> btop++ v.1.4.0
2025/03/27 (09:05:30) | WARNING: Intel GPU: Failed to initialize PMU

2025/03/28 (09:37:56) | ===> btop++ v.1.4.0
2025/03/28 (09:37:56) | WARNING: Intel GPU: Failed to initialize PMU

2025/03/28 (22:55:11) | ===> btop++ v.1.4.0
2025/03/28 (22:55:11) | WARNING: Intel GPU: Failed to initialize PMU

2025/03/30 (21:13:42) | ===> btop++ v.1.4.0
2025/03/30 (21:13:42) | WARNING: Intel GPU: Failed to initialize PMU

2025/04/01 (14:14:12) | ===> btop++ v.1.4.0
2025/04/01 (14:14:12) | WARNING: Intel GPU: Failed to initialize PMU

2025/04/01 (14:57:27) | ===> btop++ v.1.4.0
2025/04/01 (14:57:27) | WARNING: Intel GPU: Failed to initialize PMU

2025/04/01 (15:02:44) | ===> btop++ v.1.4.0
2025/04/01 (15:02:44) | WARNING: Intel GPU: Failed to initialize PMU

2025/04/03 (19:04:40) | ===> btop++ v.1.4.0
2025/04/03 (19:04:40) | WARNING: Intel GPU: Failed to initialize PMU

2025/04/06 (23:07:06) | ===> btop++ v.1.4.0
2025/04/06 (23:07:06) | WARNING: Intel GPU: Failed to initialize PMU
2025/04/06 (23:07:19) | WARNING: Failed to join _runner thread on exit!

2025/04/06 (23:12:23) | ===> btop++ v.1.4.0
2025/04/06 (23:12:23) | WARNING: Intel GPU: Failed to initialize PMU
2025/04/06 (23:12:27) | WARNING: Failed to join _runner thread on exit!

2025/04/07 (00:11:36) | ===> btop++ v.1.4.0
2025/04/07 (00:11:36) | WARNING: Intel GPU: Failed to initialize PMU

2025/04/09 (17:37:41) | ===> btop++ v.1.4.0
2025/04/09 (17:37:41) | WARNING: Intel GPU: Failed to initialize PMU

2025/04/10 (10:54:48) | ===> btop++ v.1.4.0
2025/04/10 (10:54:48) | WARNING: Intel GPU: Failed to initialize PMU

2025/04/10 (12:24:58) | ===> btop++ v.1.4.0
2025/04/10 (12:24:58) | WARNING: Intel GPU: Failed to initialize PMU

2025/04/10 (14:54:51) | ===> btop++ v.1.4.0
2025/04/10 (14:54:51) | WARNING: Intel GPU: Failed to initialize PMU
2025/04/10 (14:54:55) | WARNING: Failed to join _runner thread on exit!

2025/04/11 (10:37:41) | ===> btop++ v.1.4.0
2025/04/11 (10:37:41) | WARNING: Intel GPU: Failed to initialize PMU

2025/04/15 (17:21:17) | ===> btop++ v.1.4.0
2025/04/15 (17:21:17) | WARNING: Intel GPU: Failed to initialize PMU

2025/04/15 (18:09:52) | ===> btop++ v.1.4.0
2025/04/15 (18:09:52) | WARNING: Intel GPU: Failed to initialize PMU

2025/04/15 (18:10:09) | ===> btop++ v.1.4.0
2025/04/15 (18:10:09) | WARNING: Intel GPU: Failed to initialize PMU
2025/04/15 (18:11:50) | ERROR: Couldn't determine terminal size of "STDOUT_FILENO"!
2025/04/15 (18:11:50) | ERROR: Couldn't determine terminal size of "/dev/tty"!
2025/04/15 (18:11:52) | ERROR: Couldn't determine terminal size of "STDOUT_FILENO"!
2025/04/15 (18:11:52) | ERROR: Couldn't determine terminal size of "/dev/tty"!
2025/04/15 (18:11:54) | ERROR: Couldn't determine terminal size of "STDOUT_FILENO"!
2025/04/15 (18:11:54) | ERROR: Couldn't determine terminal size of "/dev/tty"!
2025/04/15 (18:11:57) | ERROR: Couldn't determine terminal size of "STDOUT_FILENO"!
2025/04/15 (18:11:57) | ERROR: Couldn't determine terminal size of "/dev/tty"!
2025/04/15 (18:11:59) | ERROR: Couldn't determine terminal size of "STDOUT_FILENO"!
2025/04/15 (18:11:59) | ERROR: Couldn't determine terminal size of "/dev/tty"!
2025/04/15 (18:12:01) | ERROR: Couldn't determine terminal size of "STDOUT_FILENO"!
2025/04/15 (18:12:01) | ERROR: Couldn't determine terminal size of "/dev/tty"!
2025/04/15 (18:12:03) | ERROR: Couldn't determine terminal size of "STDOUT_FILENO"!
2025/04/15 (18:12:03) | ERROR: Couldn't determine terminal size of "/dev/tty"!
2025/04/15 (18:12:05) | ERROR: Couldn't determine terminal size of "STDOUT_FILENO"!
2025/04/15 (18:12:05) | ERROR: Couldn't determine terminal size of "/dev/tty"!
2025/04/15 (18:12:08) | ERROR: Couldn't determine terminal size of "STDOUT_FILENO"!
2025/04/15 (18:12:08) | ERROR: Couldn't determine terminal size of "/dev/tty"!
2025/04/15 (18:12:10) | ERROR: Couldn't determine terminal size of "STDOUT_FILENO"!
2025/04/15 (18:12:10) | ERROR: Couldn't determine terminal size of "/dev/tty"!
2025/04/15 (18:12:12) | ERROR: Couldn't determine terminal size of "STDOUT_FILENO"!
2025/04/15 (18:12:12) | ERROR: Couldn't determine terminal size of "/dev/tty"!
2025/04/15 (18:12:14) | ERROR: Couldn't determine terminal size of "STDOUT_FILENO"!
2025/04/15 (18:12:14) | ERROR: Couldn't determine terminal size of "/dev/tty"!
2025/04/15 (18:12:16) | ERROR: Couldn't determine terminal size of "STDOUT_FILENO"!
2025/04/15 (18:12:16) | ERROR: Couldn't determine terminal size of "/dev/tty"!
2025/04/15 (18:12:19) | ERROR: Couldn't determine terminal size of "STDOUT_FILENO"!
2025/04/15 (18:12:19) | ERROR: Couldn't determine terminal size of "/dev/tty"!
2025/04/15 (18:12:21) | ERROR: Couldn't determine terminal size of "STDOUT_FILENO"!
2025/04/15 (18:12:21) | ERROR: Couldn't determine terminal size of "/dev/tty"!
2025/04/15 (18:12:23) | ERROR: Couldn't determine terminal size of "STDOUT_FILENO"!
2025/04/15 (18:12:23) | ERROR: Couldn't determine terminal size of "/dev/tty"!
2025/04/15 (18:12:25) | ERROR: Couldn't determine terminal size of "STDOUT_FILENO"!
2025/04/15 (18:12:25) | ERROR: Couldn't determine terminal size of "/dev/tty"!
2025/04/15 (18:12:27) | ERROR: Couldn't determine terminal size of "STDOUT_FILENO"!
2025/04/15 (18:12:27) | ERROR: Couldn't determine terminal size of "/dev/tty"!
2025/04/15 (18:12:30) | ERROR: Couldn't determine terminal size of "STDOUT_FILENO"!
2025/04/15 (18:12:30) | ERROR: Couldn't determine terminal size of "/dev/tty"!
2025/04/15 (18:12:32) | ERROR: Couldn't determine terminal size of "STDOUT_FILENO"!
2025/04/15 (18:12:32) | ERROR: Couldn't determine terminal size of "/dev/tty"!
2025/04/15 (18:12:34) | ERROR: Couldn't determine terminal size of "STDOUT_FILENO"!
2025/04/15 (18:12:34) | ERROR: Couldn't determine terminal size of "/dev/tty"!
2025/04/15 (18:12:36) | ERROR: Couldn't determine terminal size of "STDOUT_FILENO"!
2025/04/15 (18:12:36) | ERROR: Couldn't determine terminal size of "/dev/tty"!
2025/04/15 (18:12:38) | ERROR: Couldn't determine terminal size of "STDOUT_FILENO"!
2025/04/15 (18:12:38) | ERROR: Couldn't determine terminal size of "/dev/tty"!
2025/04/15 (18:12:41) | ERROR: Couldn't determine terminal size of "STDOUT_FILENO"!
2025/04/15 (18:12:41) | ERROR: Couldn't determine terminal size of "/dev/tty"!
2025/04/15 (18:12:43) | ERROR: Couldn't determine terminal size of "STDOUT_FILENO"!
2025/04/15 (18:12:43) | ERROR: Couldn't determine terminal size of "/dev/tty"!
2025/04/15 (18:12:45) | ERROR: Couldn't determine terminal size of "STDOUT_FILENO"!
2025/04/15 (18:12:45) | ERROR: Couldn't determine terminal size of "/dev/tty"!
2025/04/15 (18:12:47) | ERROR: Couldn't determine terminal size of "STDOUT_FILENO"!
2025/04/15 (18:12:47) | ERROR: Couldn't determine terminal size of "/dev/tty"!
2025/04/15 (18:12:49) | ERROR: Couldn't determine terminal size of "STDOUT_FILENO"!
2025/04/15 (18:12:49) | ERROR: Couldn't determine terminal size of "/dev/tty"!
2025/04/15 (18:12:52) | ERROR: Couldn't determine terminal size of "STDOUT_FILENO"!
2025/04/15 (18:12:52) | ERROR: Couldn't determine terminal size of "/dev/tty"!
2025/04/15 (18:12:54) | ERROR: Couldn't determine terminal size of "STDOUT_FILENO"!
2025/04/15 (18:12:54) | ERROR: Couldn't determine terminal size of "/dev/tty"!
2025/04/15 (18:12:56) | ERROR: Couldn't determine terminal size of "STDOUT_FILENO"!
2025/04/15 (18:12:56) | ERROR: Couldn't determine terminal size of "/dev/tty"!
2025/04/15 (18:12:58) | ERROR: Couldn't determine terminal size of "STDOUT_FILENO"!
2025/04/15 (18:12:58) | ERROR: Couldn't determine terminal size of "/dev/tty"!
2025/04/15 (18:13:00) | ERROR: Couldn't determine terminal size of "STDOUT_FILENO"!
2025/04/15 (18:13:00) | ERROR: Couldn't determine terminal size of "/dev/tty"!
2025/04/15 (18:13:03) | ERROR: Couldn't determine terminal size of "STDOUT_FILENO"!
2025/04/15 (18:13:03) | ERROR: Couldn't determine terminal size of "/dev/tty"!
2025/04/15 (18:13:05) | ERROR: Couldn't determine terminal size of "STDOUT_FILENO"!
2025/04/15 (18:13:05) | ERROR: Couldn't determine terminal size of "/dev/tty"!
2025/04/15 (18:13:07) | ERROR: Couldn't determine terminal size of "STDOUT_FILENO"!
2025/04/15 (18:13:07) | ERROR: Couldn't determine terminal size of "/dev/tty"!
2025/04/15 (18:13:09) | ERROR: Couldn't determine terminal size of "STDOUT_FILENO"!
2025/04/15 (18:13:09) | ERROR: Couldn't determine terminal size of "/dev/tty"!
2025/04/15 (18:13:11) | ERROR: Couldn't determine terminal size of "STDOUT_FILENO"!
2025/04/15 (18:13:11) | ERROR: Couldn't determine terminal size of "/dev/tty"!
2025/04/15 (18:13:14) | ERROR: Couldn't determine terminal size of "STDOUT_FILENO"!
2025/04/15 (18:13:14) | ERROR: Couldn't determine terminal size of "/dev/tty"!
2025/04/15 (18:13:16) | ERROR: Couldn't determine terminal size of "STDOUT_FILENO"!
2025/04/15 (18:13:16) | ERROR: Couldn't determine terminal size of "/dev/tty"!
2025/04/15 (18:13:18) | ERROR: Couldn't determine terminal size of "STDOUT_FILENO"!
2025/04/15 (18:13:18) | ERROR: Couldn't determine terminal size of "/dev/tty"!
2025/04/15 (18:13:20) | ERROR: Couldn't determine terminal size of "STDOUT_FILENO"!
2025/04/15 (18:13:20) | ERROR: Couldn't determine terminal size of "/dev/tty"!
2025/04/15 (18:13:22) | ERROR: Couldn't determine terminal size of "STDOUT_FILENO"!
2025/04/15 (18:13:22) | ERROR: Couldn't determine terminal size of "/dev/tty"!
2025/04/15 (18:13:25) | ERROR: Couldn't determine terminal size of "STDOUT_FILENO"!
2025/04/15 (18:13:25) | ERROR: Couldn't determine terminal size of "/dev/tty"!
2025/04/15 (18:13:27) | ERROR: Couldn't determine terminal size of "STDOUT_FILENO"!
2025/04/15 (18:13:27) | ERROR: Couldn't determine terminal size of "/dev/tty"!
2025/04/15 (18:13:29) | ERROR: Couldn't determine terminal size of "STDOUT_FILENO"!
2025/04/15 (18:13:29) | ERROR: Couldn't determine terminal size of "/dev/tty"!
2025/04/15 (18:13:31) | ERROR: Couldn't determine terminal size of "STDOUT_FILENO"!
2025/04/15 (18:13:31) | ERROR: Couldn't determine terminal size of "/dev/tty"!
2025/04/15 (18:13:33) | ERROR: Couldn't determine terminal size of "STDOUT_FILENO"!
2025/04/15 (18:13:33) | ERROR: Couldn't determine terminal size of "/dev/tty"!
2025/04/15 (18:13:36) | ERROR: Couldn't determine terminal size of "STDOUT_FILENO"!
2025/04/15 (18:13:36) | ERROR: Couldn't determine terminal size of "/dev/tty"!
2025/04/15 (18:13:38) | ERROR: Couldn't determine terminal size of "STDOUT_FILENO"!
2025/04/15 (18:13:38) | ERROR: Couldn't determine terminal size of "/dev/tty"!
2025/04/15 (18:13:40) | ERROR: Couldn't determine terminal size of "STDOUT_FILENO"!
2025/04/15 (18:13:40) | ERROR: Couldn't determine terminal size of "/dev/tty"!
2025/04/15 (18:13:42) | ERROR: Couldn't determine terminal size of "STDOUT_FILENO"!
2025/04/15 (18:13:42) | ERROR: Couldn't determine terminal size of "/dev/tty"!
2025/04/15 (18:13:44) | ERROR: Couldn't determine terminal size of "STDOUT_FILENO"!
2025/04/15 (18:13:44) | ERROR: Couldn't determine terminal size of "/dev/tty"!
2025/04/15 (18:13:47) | ERROR: Couldn't determine terminal size of "STDOUT_FILENO"!
2025/04/15 (18:13:47) | ERROR: Couldn't determine terminal size of "/dev/tty"!
2025/04/15 (18:13:49) | ERROR: Couldn't determine terminal size of "STDOUT_FILENO"!
2025/04/15 (18:13:49) | ERROR: Couldn't determine terminal size of "/dev/tty"!
2025/04/15 (18:13:51) | ERROR: Couldn't determine terminal size of "STDOUT_FILENO"!
2025/04/15 (18:13:51) | ERROR: Couldn't determine terminal size of "/dev/tty"!
2025/04/15 (18:13:53) | ERROR: Couldn't determine terminal size of "STDOUT_FILENO"!
2025/04/15 (18:13:53) | ERROR: Couldn't determine terminal size of "/dev/tty"!
2025/04/15 (18:13:55) | ERROR: Couldn't determine terminal size of "STDOUT_FILENO"!
2025/04/15 (18:13:55) | ERROR: Couldn't determine terminal size of "/dev/tty"!
2025/04/15 (18:13:58) | ERROR: Couldn't determine terminal size of "STDOUT_FILENO"!
2025/04/15 (18:13:58) | ERROR: Couldn't determine terminal size of "/dev/tty"!
2025/04/15 (18:14:00) | ERROR: Couldn't determine terminal size of "STDOUT_FILENO"!
2025/04/15 (18:14:00) | ERROR: Couldn't determine terminal size of "/dev/tty"!
2025/04/15 (18:14:02) | ERROR: Couldn't determine terminal size of "STDOUT_FILENO"!
2025/04/15 (18:14:02) | ERROR: Couldn't determine terminal size of "/dev/tty"!
2025/04/15 (18:14:04) | ERROR: Couldn't determine terminal size of "STDOUT_FILENO"!
2025/04/15 (18:14:04) | ERROR: Couldn't determine terminal size of "/dev/tty"!
2025/04/15 (18:14:06) | ERROR: Couldn't determine terminal size of "STDOUT_FILENO"!
2025/04/15 (18:14:06) | ERROR: Couldn't determine terminal size of "/dev/tty"!
2025/04/15 (18:14:09) | ERROR: Couldn't determine terminal size of "STDOUT_FILENO"!
2025/04/15 (18:14:09) | ERROR: Couldn't determine terminal size of "/dev/tty"!
2025/04/15 (18:14:11) | ERROR: Couldn't determine terminal size of "STDOUT_FILENO"!
2025/04/15 (18:14:11) | ERROR: Couldn't determine terminal size of "/dev/tty"!
2025/04/15 (18:14:13) | ERROR: Couldn't determine terminal size of "STDOUT_FILENO"!
2025/04/15 (18:14:13) | ERROR: Couldn't determine terminal size of "/dev/tty"!
2025/04/15 (18:14:15) | ERROR: Couldn't determine terminal size of "STDOUT_FILENO"!
2025/04/15 (18:14:15) | ERROR: Couldn't determine terminal size of "/dev/tty"!
2025/04/15 (18:14:17) | ERROR: Couldn't determine terminal size of "STDOUT_FILENO"!
2025/04/15 (18:14:17) | ERROR: Couldn't determine terminal size of "/dev/tty"!
2025/04/15 (18:14:20) | ERROR: Couldn't determine terminal size of "STDOUT_FILENO"!
2025/04/15 (18:14:20) | ERROR: Couldn't determine terminal size of "/dev/tty"!
2025/04/15 (18:14:22) | ERROR: Couldn't determine terminal size of "STDOUT_FILENO"!
2025/04/15 (18:14:22) | ERROR: Couldn't determine terminal size of "/dev/tty"!
2025/04/15 (18:14:24) | ERROR: Couldn't determine terminal size of "STDOUT_FILENO"!
2025/04/15 (18:14:24) | ERROR: Couldn't determine terminal size of "/dev/tty"!
2025/04/15 (18:14:26) | ERROR: Couldn't determine terminal size of "STDOUT_FILENO"!
2025/04/15 (18:14:26) | ERROR: Couldn't determine terminal size of "/dev/tty"!
2025/04/15 (18:14:28) | ERROR: Couldn't determine terminal size of "STDOUT_FILENO"!
2025/04/15 (18:14:28) | ERROR: Couldn't determine terminal size of "/dev/tty"!
2025/04/15 (18:14:31) | ERROR: Couldn't determine terminal size of "STDOUT_FILENO"!
2025/04/15 (18:14:31) | ERROR: Couldn't determine terminal size of "/dev/tty"!
2025/04/15 (18:14:33) | ERROR: Couldn't determine terminal size of "STDOUT_FILENO"!
2025/04/15 (18:14:33) | ERROR: Couldn't determine terminal size of "/dev/tty"!
2025/04/15 (18:14:35) | ERROR: Couldn't determine terminal size of "STDOUT_FILENO"!
2025/04/15 (18:14:35) | ERROR: Couldn't determine terminal size of "/dev/tty"!
2025/04/15 (18:14:37) | ERROR: Couldn't determine terminal size of "STDOUT_FILENO"!
2025/04/15 (18:14:37) | ERROR: Couldn't determine terminal size of "/dev/tty"!
2025/04/15 (18:14:39) | ERROR: Couldn't determine terminal size of "STDOUT_FILENO"!
2025/04/15 (18:14:39) | ERROR: Couldn't determine terminal size of "/dev/tty"!
2025/04/15 (18:14:42) | ERROR: Couldn't determine terminal size of "STDOUT_FILENO"!
2025/04/15 (18:14:42) | ERROR: Couldn't determine terminal size of "/dev/tty"!
2025/04/15 (18:14:44) | ERROR: Couldn't determine terminal size of "STDOUT_FILENO"!
2025/04/15 (18:14:44) | ERROR: Couldn't determine terminal size of "/dev/tty"!
2025/04/15 (18:14:46) | ERROR: Couldn't determine terminal size of "STDOUT_FILENO"!
2025/04/15 (18:14:46) | ERROR: Couldn't determine terminal size of "/dev/tty"!
2025/04/15 (18:14:48) | ERROR: Couldn't determine terminal size of "STDOUT_FILENO"!
2025/04/15 (18:14:48) | ERROR: Couldn't determine terminal size of "/dev/tty"!
2025/04/15 (18:14:50) | ERROR: Couldn't determine terminal size of "STDOUT_FILENO"!
2025/04/15 (18:14:50) | ERROR: Couldn't determine terminal size of "/dev/tty"!
2025/04/15 (18:14:53) | ERROR: Couldn't determine terminal size of "STDOUT_FILENO"!
2025/04/15 (18:14:53) | ERROR: Couldn't determine terminal size of "/dev/tty"!
2025/04/15 (18:14:55) | ERROR: Couldn't determine terminal size of "STDOUT_FILENO"!
2025/04/15 (18:14:55) | ERROR: Couldn't determine terminal size of "/dev/tty"!
2025/04/15 (18:14:57) | ERROR: Couldn't determine terminal size of "STDOUT_FILENO"!
2025/04/15 (18:14:57) | ERROR: Couldn't determine terminal size of "/dev/tty"!
2025/04/15 (18:14:59) | ERROR: Couldn't determine terminal size of "STDOUT_FILENO"!
2025/04/15 (18:14:59) | ERROR: Couldn't determine terminal size of "/dev/tty"!
2025/04/15 (18:15:01) | ERROR: Couldn't determine terminal size of "STDOUT_FILENO"!
2025/04/15 (18:15:01) | ERROR: Couldn't determine terminal size of "/dev/tty"!
2025/04/15 (18:15:04) | ERROR: Couldn't determine terminal size of "STDOUT_FILENO"!
2025/04/15 (18:15:04) | ERROR: Couldn't determine terminal size of "/dev/tty"!
2025/04/15 (18:15:06) | ERROR: Couldn't determine terminal size of "STDOUT_FILENO"!
2025/04/15 (18:15:06) | ERROR: Couldn't determine terminal size of "/dev/tty"!
2025/04/15 (18:15:08) | ERROR: Couldn't determine terminal size of "STDOUT_FILENO"!
2025/04/15 (18:15:08) | ERROR: Couldn't determine terminal size of "/dev/tty"!
2025/04/15 (18:15:10) | ERROR: Couldn't determine terminal size of "STDOUT_FILENO"!
2025/04/15 (18:15:10) | ERROR: Couldn't determine terminal size of "/dev/tty"!
2025/04/15 (18:15:12) | ERROR: Couldn't determine terminal size of "STDOUT_FILENO"!
2025/04/15 (18:15:12) | ERROR: Couldn't determine terminal size of "/dev/tty"!
2025/04/15 (18:15:15) | ERROR: Couldn't determine terminal size of "STDOUT_FILENO"!
2025/04/15 (18:15:15) | ERROR: Couldn't determine terminal size of "/dev/tty"!
2025/04/15 (18:15:17) | ERROR: Couldn't determine terminal size of "STDOUT_FILENO"!
2025/04/15 (18:15:17) | ERROR: Couldn't determine terminal size of "/dev/tty"!
2025/04/15 (18:15:19) | ERROR: Couldn't determine terminal size of "STDOUT_FILENO"!
2025/04/15 (18:15:19) | ERROR: Couldn't determine terminal size of "/dev/tty"!
2025/04/15 (18:15:21) | ERROR: Couldn't determine terminal size of "STDOUT_FILENO"!
2025/04/15 (18:15:21) | ERROR: Couldn't determine terminal size of "/dev/tty"!
2025/04/15 (18:15:23) | ERROR: Couldn't determine terminal size of "STDOUT_FILENO"!
2025/04/15 (18:15:23) | ERROR: Couldn't determine terminal size of "/dev/tty"!
2025/04/15 (18:15:26) | ERROR: Couldn't determine terminal size of "STDOUT_FILENO"!
2025/04/15 (18:15:26) | ERROR: Couldn't determine terminal size of "/dev/tty"!
2025/04/15 (18:15:28) | ERROR: Couldn't determine terminal size of "STDOUT_FILENO"!
2025/04/15 (18:15:28) | ERROR: Couldn't determine terminal size of "/dev/tty"!
2025/04/15 (18:15:30) | ERROR: Couldn't determine terminal size of "STDOUT_FILENO"!
2025/04/15 (18:15:30) | ERROR: Couldn't determine terminal size of "/dev/tty"!
2025/04/15 (18:15:32) | ERROR: Couldn't determine terminal size of "STDOUT_FILENO"!
2025/04/15 (18:15:32) | ERROR: Couldn't determine terminal size of "/dev/tty"!
2025/04/15 (18:15:34) | ERROR: Couldn't determine terminal size of "STDOUT_FILENO"!
2025/04/15 (18:15:34) | ERROR: Couldn't determine terminal size of "/dev/tty"!
2025/04/15 (18:15:37) | ERROR: Couldn't determine terminal size of "STDOUT_FILENO"!
2025/04/15 (18:15:37) | ERROR: Couldn't determine terminal size of "/dev/tty"!
2025/04/15 (18:15:39) | ERROR: Couldn't determine terminal size of "STDOUT_FILENO"!
2025/04/15 (18:15:39) | ERROR: Couldn't determine terminal size of "/dev/tty"!
2025/04/15 (18:15:41) | ERROR: Couldn't determine terminal size of "STDOUT_FILENO"!
2025/04/15 (18:15:41) | ERROR: Couldn't determine terminal size of "/dev/tty"!
2025/04/15 (18:15:43) | ERROR: Couldn't determine terminal size of "STDOUT_FILENO"!
2025/04/15 (18:15:43) | ERROR: Couldn't determine terminal size of "/dev/tty"!
2025/04/15 (18:15:46) | ERROR: Couldn't determine terminal size of "STDOUT_FILENO"!
2025/04/15 (18:15:46) | ERROR: Couldn't determine terminal size of "/dev/tty"!
2025/04/15 (18:15:48) | ERROR: Couldn't determine terminal size of "STDOUT_FILENO"!
2025/04/15 (18:15:48) | ERROR: Couldn't determine terminal size of "/dev/tty"!
2025/04/15 (18:15:50) | ERROR: Couldn't determine terminal size of "STDOUT_FILENO"!
2025/04/15 (18:15:50) | ERROR: Couldn't determine terminal size of "/dev/tty"!
2025/04/15 (18:15:52) | ERROR: Couldn't determine terminal size of "STDOUT_FILENO"!
2025/04/15 (18:15:52) | ERROR: Couldn't determine terminal size of "/dev/tty"!
2025/04/15 (18:15:54) | ERROR: Couldn't determine terminal size of "STDOUT_FILENO"!
2025/04/15 (18:15:54) | ERROR: Couldn't determine terminal size of "/dev/tty"!
2025/04/15 (18:15:57) | ERROR: Couldn't determine terminal size of "STDOUT_FILENO"!
2025/04/15 (18:15:57) | ERROR: Couldn't determine terminal size of "/dev/tty"!
2025/04/15 (18:15:59) | ERROR: Couldn't determine terminal size of "STDOUT_FILENO"!
2025/04/15 (18:15:59) | ERROR: Couldn't determine terminal size of "/dev/tty"!
2025/04/15 (18:16:01) | ERROR: Couldn't determine terminal size of "STDOUT_FILENO"!
2025/04/15 (18:16:01) | ERROR: Couldn't determine terminal size of "/dev/tty"!
2025/04/15 (18:16:03) | ERROR: Couldn't determine terminal size of "STDOUT_FILENO"!
2025/04/15 (18:16:03) | ERROR: Couldn't determine terminal size of "/dev/tty"!
2025/04/15 (18:16:05) | ERROR: Couldn't determine terminal size of "STDOUT_FILENO"!
2025/04/15 (18:16:05) | ERROR: Couldn't determine terminal size of "/dev/tty"!
2025/04/15 (18:16:08) | ERROR: Couldn't determine terminal size of "STDOUT_FILENO"!
2025/04/15 (18:16:08) | ERROR: Couldn't determine terminal size of "/dev/tty"!
2025/04/15 (18:16:10) | ERROR: Couldn't determine terminal size of "STDOUT_FILENO"!
2025/04/15 (18:16:10) | ERROR: Couldn't determine terminal size of "/dev/tty"!
2025/04/15 (18:16:12) | ERROR: Couldn't determine terminal size of "STDOUT_FILENO"!
2025/04/15 (18:16:12) | ERROR: Couldn't determine terminal size of "/dev/tty"!
2025/04/15 (18:16:14) | ERROR: Couldn't determine terminal size of "STDOUT_FILENO"!
2025/04/15 (18:16:14) | ERROR: Couldn't determine terminal size of "/dev/tty"!
2025/04/15 (18:16:16) | ERROR: Couldn't determine terminal size of "STDOUT_FILENO"!
2025/04/15 (18:16:16) | ERROR: Couldn't determine terminal size of "/dev/tty"!
2025/04/15 (18:16:19) | ERROR: Couldn't determine terminal size of "STDOUT_FILENO"!
2025/04/15 (18:16:19) | ERROR: Couldn't determine terminal size of "/dev/tty"!
2025/04/15 (18:16:21) | ERROR: Couldn't determine terminal size of "STDOUT_FILENO"!
2025/04/15 (18:16:21) | ERROR: Couldn't determine terminal size of "/dev/tty"!
2025/04/15 (18:16:23) | ERROR: Couldn't determine terminal size of "STDOUT_FILENO"!
2025/04/15 (18:16:23) | ERROR: Couldn't determine terminal size of "/dev/tty"!
2025/04/15 (18:16:25) | ERROR: Couldn't determine terminal size of "STDOUT_FILENO"!
2025/04/15 (18:16:25) | ERROR: Couldn't determine terminal size of "/dev/tty"!
2025/04/15 (18:16:27) | ERROR: Couldn't determine terminal size of "STDOUT_FILENO"!
2025/04/15 (18:16:27) | ERROR: Couldn't determine terminal size of "/dev/tty"!
2025/04/15 (18:16:30) | ERROR: Couldn't determine terminal size of "STDOUT_FILENO"!
2025/04/15 (18:16:30) | ERROR: Couldn't determine terminal size of "/dev/tty"!
2025/04/15 (18:16:32) | ERROR: Couldn't determine terminal size of "STDOUT_FILENO"!
2025/04/15 (18:16:32) | ERROR: Couldn't determine terminal size of "/dev/tty"!
2025/04/15 (18:16:34) | ERROR: Couldn't determine terminal size of "STDOUT_FILENO"!
2025/04/15 (18:16:34) | ERROR: Couldn't determine terminal size of "/dev/tty"!
2025/04/15 (18:16:36) | ERROR: Couldn't determine terminal size of "STDOUT_FILENO"!
2025/04/15 (18:16:36) | ERROR: Couldn't determine terminal size of "/dev/tty"!
2025/04/15 (18:16:38) | ERROR: Couldn't determine terminal size of "STDOUT_FILENO"!
2025/04/15 (18:16:38) | ERROR: Couldn't determine terminal size of "/dev/tty"!
2025/04/15 (18:16:41) | ERROR: Couldn't determine terminal size of "STDOUT_FILENO"!
2025/04/15 (18:16:41) | ERROR: Couldn't determine terminal size of "/dev/tty"!
2025/04/15 (18:16:43) | ERROR: Couldn't determine terminal size of "STDOUT_FILENO"!
2025/04/15 (18:16:43) | ERROR: Couldn't determine terminal size of "/dev/tty"!
2025/04/15 (18:16:45) | ERROR: Couldn't determine terminal size of "STDOUT_FILENO"!
2025/04/15 (18:16:45) | ERROR: Couldn't determine terminal size of "/dev/tty"!
2025/04/15 (18:16:47) | ERROR: Couldn't determine terminal size of "STDOUT_FILENO"!
2025/04/15 (18:16:47) | ERROR: Couldn't determine terminal size of "/dev/tty"!
2025/04/15 (18:16:49) | ERROR: Couldn't determine terminal size of "STDOUT_FILENO"!
2025/04/15 (18:16:49) | ERROR: Couldn't determine terminal size of "/dev/tty"!
2025/04/15 (18:16:52) | ERROR: Couldn't determine terminal size of "STDOUT_FILENO"!
2025/04/15 (18:16:52) | ERROR: Couldn't determine terminal size of "/dev/tty"!
2025/04/15 (18:16:54) | ERROR: Couldn't determine terminal size of "STDOUT_FILENO"!
2025/04/15 (18:16:54) | ERROR: Couldn't determine terminal size of "/dev/tty"!
2025/04/15 (18:16:56) | ERROR: Couldn't determine terminal size of "STDOUT_FILENO"!
2025/04/15 (18:16:56) | ERROR: Couldn't determine terminal size of "/dev/tty"!
2025/04/15 (18:16:58) | ERROR: Couldn't determine terminal size of "STDOUT_FILENO"!
2025/04/15 (18:16:58) | ERROR: Couldn't determine terminal size of "/dev/tty"!
2025/04/15 (18:17:00) | ERROR: Couldn't determine terminal size of "STDOUT_FILENO"!
2025/04/15 (18:17:00) | ERROR: Couldn't determine terminal size of "/dev/tty"!
2025/04/15 (18:17:03) | ERROR: Couldn't determine terminal size of "STDOUT_FILENO"!
2025/04/15 (18:17:03) | ERROR: Couldn't determine terminal size of "/dev/tty"!
2025/04/15 (18:17:05) | ERROR: Couldn't determine terminal size of "STDOUT_FILENO"!
2025/04/15 (18:17:05) | ERROR: Couldn't determine terminal size of "/dev/tty"!
2025/04/15 (18:17:07) | ERROR: Couldn't determine terminal size of "STDOUT_FILENO"!
2025/04/15 (18:17:07) | ERROR: Couldn't determine terminal size of "/dev/tty"!
2025/04/15 (18:17:09) | ERROR: Couldn't determine terminal size of "STDOUT_FILENO"!
2025/04/15 (18:17:09) | ERROR: Couldn't determine terminal size of "/dev/tty"!
2025/04/15 (18:17:11) | ERROR: Couldn't determine terminal size of "STDOUT_FILENO"!
2025/04/15 (18:17:11) | ERROR: Couldn't determine terminal size of "/dev/tty"!
2025/04/15 (18:17:14) | ERROR: Couldn't determine terminal size of "STDOUT_FILENO"!
2025/04/15 (18:17:14) | ERROR: Couldn't determine terminal size of "/dev/tty"!
2025/04/15 (18:17:16) | ERROR: Couldn't determine terminal size of "STDOUT_FILENO"!
2025/04/15 (18:17:16) | ERROR: Couldn't determine terminal size of "/dev/tty"!
2025/04/15 (18:17:18) | ERROR: Couldn't determine terminal size of "STDOUT_FILENO"!
2025/04/15 (18:17:18) | ERROR: Couldn't determine terminal size of "/dev/tty"!
2025/04/15 (18:17:20) | ERROR: Couldn't determine terminal size of "STDOUT_FILENO"!
2025/04/15 (18:17:20) | ERROR: Couldn't determine terminal size of "/dev/tty"!
2025/04/15 (18:17:22) | ERROR: Couldn't determine terminal size of "STDOUT_FILENO"!
2025/04/15 (18:17:22) | ERROR: Couldn't determine terminal size of "/dev/tty"!
2025/04/15 (18:17:25) | ERROR: Couldn't determine terminal size of "STDOUT_FILENO"!
2025/04/15 (18:17:25) | ERROR: Couldn't determine terminal size of "/dev/tty"!
2025/04/15 (18:17:27) | ERROR: Couldn't determine terminal size of "STDOUT_FILENO"!
2025/04/15 (18:17:27) | ERROR: Couldn't determine terminal size of "/dev/tty"!
2025/04/15 (18:17:29) | ERROR: Couldn't determine terminal size of "STDOUT_FILENO"!
2025/04/15 (18:17:29) | ERROR: Couldn't determine terminal size of "/dev/tty"!
2025/04/15 (18:17:31) | ERROR: Couldn't determine terminal size of "STDOUT_FILENO"!
2025/04/15 (18:17:31) | ERROR: Couldn't determine terminal size of "/dev/tty"!
2025/04/15 (18:17:33) | ERROR: Couldn't determine terminal size of "STDOUT_FILENO"!
2025/04/15 (18:17:33) | ERROR: Couldn't determine terminal size of "/dev/tty"!
2025/04/15 (18:17:36) | ERROR: Couldn't determine terminal size of "STDOUT_FILENO"!
2025/04/15 (18:17:36) | ERROR: Couldn't determine terminal size of "/dev/tty"!
2025/04/15 (18:17:38) | ERROR: Couldn't determine terminal size of "STDOUT_FILENO"!
2025/04/15 (18:17:38) | ERROR: Couldn't determine terminal size of "/dev/tty"!
2025/04/15 (18:17:40) | ERROR: Couldn't determine terminal size of "STDOUT_FILENO"!
2025/04/15 (18:17:40) | ERROR: Couldn't determine terminal size of "/dev/tty"!
2025/04/15 (18:17:42) | ERROR: Couldn't determine terminal size of "STDOUT_FILENO"!
2025/04/15 (18:17:42) | ERROR: Couldn't determine terminal size of "/dev/tty"!
2025/04/15 (18:17:44) | ERROR: Couldn't determine terminal size of "STDOUT_FILENO"!
2025/04/15 (18:17:44) | ERROR: Couldn't determine terminal size of "/dev/tty"!
2025/04/15 (18:17:47) | ERROR: Couldn't determine terminal size of "STDOUT_FILENO"!
2025/04/15 (18:17:47) | ERROR: Couldn't determine terminal size of "/dev/tty"!
2025/04/15 (18:17:49) | ERROR: Couldn't determine terminal size of "STDOUT_FILENO"!
2025/04/15 (18:17:49) | ERROR: Couldn't determine terminal size of "/dev/tty"!
2025/04/15 (18:17:51) | ERROR: Couldn't determine terminal size of "STDOUT_FILENO"!
2025/04/15 (18:17:51) | ERROR: Couldn't determine terminal size of "/dev/tty"!
2025/04/15 (18:17:53) | ERROR: Couldn't determine terminal size of "STDOUT_FILENO"!
2025/04/15 (18:17:53) | ERROR: Couldn't determine terminal size of "/dev/tty"!
2025/04/15 (18:17:55) | ERROR: Couldn't determine terminal size of "STDOUT_FILENO"!
2025/04/15 (18:17:55) | ERROR: Couldn't determine terminal size of "/dev/tty"!
2025/04/15 (18:17:58) | ERROR: Couldn't determine terminal size of "STDOUT_FILENO"!
2025/04/15 (18:17:58) | ERROR: Couldn't determine terminal size of "/dev/tty"!
2025/04/15 (18:18:00) | ERROR: Couldn't determine terminal size of "STDOUT_FILENO"!
2025/04/15 (18:18:00) | ERROR: Couldn't determine terminal size of "/dev/tty"!
2025/04/15 (18:18:02) | ERROR: Couldn't determine terminal size of "STDOUT_FILENO"!
2025/04/15 (18:18:02) | ERROR: Couldn't determine terminal size of "/dev/tty"!
2025/04/15 (18:18:04) | ERROR: Couldn't determine terminal size of "STDOUT_FILENO"!
2025/04/15 (18:18:04) | ERROR: Couldn't determine terminal size of "/dev/tty"!
2025/04/15 (18:18:06) | ERROR: Couldn't determine terminal size of "STDOUT_FILENO"!
2025/04/15 (18:18:06) | ERROR: Couldn't determine terminal size of "/dev/tty"!
2025/04/15 (18:18:09) | ERROR: Couldn't determine terminal size of "STDOUT_FILENO"!
2025/04/15 (18:18:09) | ERROR: Couldn't determine terminal size of "/dev/tty"!
2025/04/15 (18:18:11) | ERROR: Couldn't determine terminal size of "STDOUT_FILENO"!
2025/04/15 (18:18:11) | ERROR: Couldn't determine terminal size of "/dev/tty"!
2025/04/15 (18:18:13) | ERROR: Couldn't determine terminal size of "STDOUT_FILENO"!
2025/04/15 (18:18:13) | ERROR: Couldn't determine terminal size of "/dev/tty"!
2025/04/15 (18:18:15) | ERROR: Couldn't determine terminal size of "STDOUT_FILENO"!
2025/04/15 (18:18:15) | ERROR: Couldn't determine terminal size of "/dev/tty"!
2025/04/15 (18:18:17) | ERROR: Couldn't determine terminal size of "STDOUT_FILENO"!
2025/04/15 (18:18:17) | ERROR: Couldn't determine terminal size of "/dev/tty"!
2025/04/15 (18:18:20) | ERROR: Couldn't determine terminal size of "STDOUT_FILENO"!
2025/04/15 (18:18:20) | ERROR: Couldn't determine terminal size of "/dev/tty"!
2025/04/15 (18:18:22) | ERROR: Couldn't determine terminal size of "STDOUT_FILENO"!
2025/04/15 (18:18:22) | ERROR: Couldn't determine terminal size of "/dev/tty"!
2025/04/15 (18:18:24) | ERROR: Couldn't determine terminal size of "STDOUT_FILENO"!
2025/04/15 (18:18:24) | ERROR: Couldn't determine terminal size of "/dev/tty"!
2025/04/15 (18:18:26) | ERROR: Couldn't determine terminal size of "STDOUT_FILENO"!
2025/04/15 (18:18:26) | ERROR: Couldn't determine terminal size of "/dev/tty"!
2025/04/15 (18:18:28) | ERROR: Couldn't determine terminal size of "STDOUT_FILENO"!
2025/04/15 (18:18:28) | ERROR: Couldn't determine terminal size of "/dev/tty"!
2025/04/15 (18:18:31) | ERROR: Couldn't determine terminal size of "STDOUT_FILENO"!
2025/04/15 (18:18:31) | ERROR: Couldn't determine terminal size of "/dev/tty"!
2025/04/15 (18:18:33) | ERROR: Couldn't determine terminal size of "STDOUT_FILENO"!
2025/04/15 (18:18:33) | ERROR: Couldn't determine terminal size of "/dev/tty"!
2025/04/15 (18:18:35) | ERROR: Couldn't determine terminal size of "STDOUT_FILENO"!
2025/04/15 (18:18:35) | ERROR: Couldn't determine terminal size of "/dev/tty"!
2025/04/15 (18:18:37) | ERROR: Couldn't determine terminal size of "STDOUT_FILENO"!
2025/04/15 (18:18:37) | ERROR: Couldn't determine terminal size of "/dev/tty"!
2025/04/15 (18:18:39) | ERROR: Couldn't determine terminal size of "STDOUT_FILENO"!
2025/04/15 (18:18:39) | ERROR: Couldn't determine terminal size of "/dev/tty"!
2025/04/15 (18:18:42) | ERROR: Couldn't determine terminal size of "STDOUT_FILENO"!
2025/04/15 (18:18:42) | ERROR: Couldn't determine terminal size of "/dev/tty"!
2025/04/15 (18:18:44) | ERROR: Couldn't determine terminal size of "STDOUT_FILENO"!
2025/04/15 (18:18:44) | ERROR: Couldn't determine terminal size of "/dev/tty"!
2025/04/15 (18:18:46) | ERROR: Couldn't determine terminal size of "STDOUT_FILENO"!
2025/04/15 (18:18:46) | ERROR: Couldn't determine terminal size of "/dev/tty"!
2025/04/15 (18:18:48) | ERROR: Couldn't determine terminal size of "STDOUT_FILENO"!
2025/04/15 (18:18:48) | ERROR: Couldn't determine terminal size of "/dev/tty"!
2025/04/15 (18:18:50) | ERROR: Couldn't determine terminal size of "STDOUT_FILENO"!
2025/04/15 (18:18:50) | ERROR: Couldn't determine terminal size of "/dev/tty"!
2025/04/15 (18:18:53) | ERROR: Couldn't determine terminal size of "STDOUT_FILENO"!
2025/04/15 (18:18:53) | ERROR: Couldn't determine terminal size of "/dev/tty"!
2025/04/15 (18:18:55) | ERROR: Couldn't determine terminal size of "STDOUT_FILENO"!
2025/04/15 (18:18:55) | ERROR: Couldn't determine terminal size of "/dev/tty"!
2025/04/15 (18:18:57) | ERROR: Couldn't determine terminal size of "STDOUT_FILENO"!
2025/04/15 (18:18:57) | ERROR: Couldn't determine terminal size of "/dev/tty"!
2025/04/15 (18:18:59) | ERROR: Couldn't determine terminal size of "STDOUT_FILENO"!
2025/04/15 (18:18:59) | ERROR: Couldn't determine terminal size of "/dev/tty"!
2025/04/15 (18:19:01) | ERROR: Couldn't determine terminal size of "STDOUT_FILENO"!
2025/04/15 (18:19:01) | ERROR: Couldn't determine terminal size of "/dev/tty"!
2025/04/15 (18:19:04) | ERROR: Couldn't determine terminal size of "STDOUT_FILENO"!
2025/04/15 (18:19:04) | ERROR: Couldn't determine terminal size of "/dev/tty"!
2025/04/15 (18:19:06) | ERROR: Couldn't determine terminal size of "STDOUT_FILENO"!
2025/04/15 (18:19:06) | ERROR: Couldn't determine terminal size of "/dev/tty"!
2025/04/15 (18:19:08) | ERROR: Couldn't determine terminal size of "STDOUT_FILENO"!
2025/04/15 (18:19:08) | ERROR: Couldn't determine terminal size of "/dev/tty"!
2025/04/15 (18:19:10) | ERROR: Couldn't determine terminal size of "STDOUT_FILENO"!
2025/04/15 (18:19:10) | ERROR: Couldn't determine terminal size of "/dev/tty"!
2025/04/15 (18:19:12) | ERROR: Couldn't determine terminal size of "STDOUT_FILENO"!
2025/04/15 (18:19:12) | ERROR: Couldn't determine terminal size of "/dev/tty"!
2025/04/15 (18:19:15) | ERROR: Couldn't determine terminal size of "STDOUT_FILENO"!
2025/04/15 (18:19:15) | ERROR: Couldn't determine terminal size of "/dev/tty"!
2025/04/15 (18:19:17) | ERROR: Couldn't determine terminal size of "STDOUT_FILENO"!
2025/04/15 (18:19:17) | ERROR: Couldn't determine terminal size of "/dev/tty"!
2025/04/15 (18:19:19) | ERROR: Couldn't determine terminal size of "STDOUT_FILENO"!
2025/04/15 (18:19:19) | ERROR: Couldn't determine terminal size of "/dev/tty"!

2025/04/15 (18:19:20) | ===> btop++ v.1.4.0
2025/04/15 (18:19:20) | WARNING: Intel GPU: Failed to initialize PMU
2025/04/15 (18:19:21) | ERROR: Couldn't determine terminal size of "STDOUT_FILENO"!
2025/04/15 (18:19:21) | ERROR: Couldn't determine terminal size of "/dev/tty"!
2025/04/15 (18:19:23) | ERROR: Couldn't determine terminal size of "STDOUT_FILENO"!
2025/04/15 (18:19:23) | ERROR: Couldn't determine terminal size of "/dev/tty"!
2025/04/15 (18:19:26) | ERROR: Couldn't determine terminal size of "STDOUT_FILENO"!
2025/04/15 (18:19:26) | ERROR: Couldn't determine terminal size of "/dev/tty"!
2025/04/15 (18:19:28) | ERROR: Couldn't determine terminal size of "STDOUT_FILENO"!
2025/04/15 (18:19:28) | ERROR: Couldn't determine terminal size of "/dev/tty"!
2025/04/15 (18:19:30) | ERROR: Couldn't determine terminal size of "STDOUT_FILENO"!
2025/04/15 (18:19:30) | ERROR: Couldn't determine terminal size of "/dev/tty"!
2025/04/15 (18:19:32) | ERROR: Couldn't determine terminal size of "STDOUT_FILENO"!
2025/04/15 (18:19:32) | ERROR: Couldn't determine terminal size of "/dev/tty"!
2025/04/15 (18:19:34) | ERROR: Couldn't determine terminal size of "STDOUT_FILENO"!
2025/04/15 (18:19:34) | ERROR: Couldn't determine terminal size of "/dev/tty"!
2025/04/15 (18:19:37) | ERROR: Couldn't determine terminal size of "STDOUT_FILENO"!
2025/04/15 (18:19:37) | ERROR: Couldn't determine terminal size of "/dev/tty"!
2025/04/15 (18:19:39) | ERROR: Couldn't determine terminal size of "STDOUT_FILENO"!
2025/04/15 (18:19:39) | ERROR: Couldn't determine terminal size of "/dev/tty"!

2025/04/16 (00:14:05) | ===> btop++ v.1.4.0
2025/04/16 (00:14:05) | WARNING: Intel GPU: Failed to initialize PMU
2025/04/16 (00:14:11) | WARNING: Failed to join _runner thread on exit!

2025/04/16 (21:38:00) | ===> btop++ v.1.4.0
2025/04/16 (21:38:00) | WARNING: Intel GPU: Failed to initialize PMU

2025/04/17 (00:27:49) | ===> btop++ v.1.4.0
2025/04/17 (00:27:49) | WARNING: Intel GPU: Failed to initialize PMU

2025/04/17 (21:57:26) | ===> btop++ v.1.4.0
2025/04/17 (21:57:26) | WARNING: Intel GPU: Failed to initialize PMU

2025/04/17 (22:19:45) | ===> btop++ v.1.4.0
2025/04/17 (22:19:45) | WARNING: Intel GPU: Failed to initialize PMU

2025/04/18 (22:06:04) | ===> btop++ v.1.4.0
2025/04/18 (22:06:04) | WARNING: Intel GPU: Failed to initialize PMU
2025/04/18 (22:06:10) | ERROR: Stall in Runner thread, restarting!
2025/04/18 (22:07:24) | WARNING: Failed to join _runner thread on exit!

2025/04/18 (22:45:02) | ===> btop++ v.1.4.0
2025/04/18 (22:45:02) | WARNING: Intel GPU: Failed to initialize PMU

2025/04/19 (23:45:50) | ===> btop++ v.1.4.0
2025/04/19 (23:45:50) | WARNING: Intel GPU: Failed to initialize PMU

2025/04/23 (00:30:04) | ===> btop++ v.1.4.0
2025/04/23 (00:30:04) | WARNING: Intel GPU: Failed to initialize PMU

2025/04/23 (00:34:47) | ===> btop++ v.1.4.0
2025/04/23 (00:34:47) | WARNING: Intel GPU: Failed to initialize PMU

2025/04/23 (01:34:46) | ===> btop++ v.1.4.0
2025/04/23 (01:34:46) | WARNING: Intel GPU: Failed to initialize PMU

2025/04/23 (01:42:02) | ===> btop++ v.1.4.0
2025/04/23 (01:42:02) | WARNING: Intel GPU: Failed to initialize PMU

2025/04/23 (17:31:32) | ===> btop++ v.1.4.0
2025/04/23 (17:31:32) | WARNING: Intel GPU: Failed to initialize PMU

2025/04/23 (18:34:21) | ===> btop++ v.1.4.0
2025/04/23 (18:34:21) | WARNING: Intel GPU: Failed to initialize PMU

2025/04/23 (18:35:24) | ===> btop++ v.1.4.0
2025/04/23 (18:35:24) | WARNING: Intel GPU: Failed to initialize PMU

2025/04/23 (21:12:29) | ===> btop++ v.1.4.0
2025/04/23 (21:12:29) | WARNING: Intel GPU: Failed to initialize PMU

2025/04/24 (16:51:54) | ===> btop++ v.1.4.0
2025/04/24 (16:51:54) | WARNING: Intel GPU: Failed to initialize PMU

2025/04/24 (16:52:16) | ===> btop++ v.1.4.0
2025/04/24 (16:52:16) | WARNING: Intel GPU: Failed to initialize PMU

2025/04/24 (16:53:16) | ===> btop++ v.1.4.0
2025/04/24 (16:53:16) | WARNING: Intel GPU: Failed to initialize PMU

2025/04/25 (15:01:26) | ===> btop++ v.1.4.0
2025/04/25 (15:01:26) | WARNING: Intel GPU: Failed to initialize PMU

2025/04/27 (13:46:11) | ===> btop++ v.1.4.0
2025/04/27 (13:46:11) | WARNING: Intel GPU: Failed to initialize PMU

2025/04/27 (20:00:17) | ===> btop++ v.1.4.0
2025/04/27 (20:00:17) | WARNING: Intel GPU: Failed to initialize PMU

2025/04/27 (20:01:12) | ===> btop++ v.1.4.0
2025/04/27 (20:01:12) | WARNING: Intel GPU: Failed to initialize PMU

2025/04/27 (20:02:13) | ===> btop++ v.1.4.0
2025/04/27 (20:02:13) | WARNING: Intel GPU: Failed to initialize PMU

2025/04/27 (21:33:52) | ===> btop++ v.1.4.0
2025/04/27 (21:33:52) | WARNING: Intel GPU: Failed to initialize PMU

2025/04/27 (21:34:24) | ===> btop++ v.1.4.0
2025/04/27 (21:34:24) | WARNING: Intel GPU: Failed to initialize PMU
2025/04/27 (21:34:28) | WARNING: Failed to join _runner thread on exit!

2025/04/29 (01:08:11) | ===> btop++ v.1.4.0
2025/04/29 (01:08:11) | WARNING: Intel GPU: Failed to initialize PMU

2025/04/29 (16:30:23) | ===> btop++ v.1.4.0
2025/04/29 (16:30:23) | WARNING: Intel GPU: Failed to initialize PMU

2025/04/29 (16:31:09) | ===> btop++ v.1.4.0
2025/04/29 (16:31:09) | WARNING: Intel GPU: Failed to initialize PMU
2025/04/29 (16:31:16) | WARNING: Failed to join _runner thread on exit!

2025/04/29 (16:32:32) | ===> btop++ v.1.4.0
2025/04/29 (16:32:32) | WARNING: Intel GPU: Failed to initialize PMU

2025/04/29 (16:49:28) | ===> btop++ v.1.4.0
2025/04/29 (16:49:28) | WARNING: Intel GPU: Failed to initialize PMU

2025/04/29 (16:51:30) | ===> btop++ v.1.4.0
2025/04/29 (16:51:30) | WARNING: Intel GPU: Failed to initialize PMU

2025/04/29 (17:28:06) | ===> btop++ v.1.4.0
2025/04/29 (17:28:06) | WARNING: Intel GPU: Failed to initialize PMU

2025/04/29 (17:28:34) | ===> btop++ v.1.4.0
2025/04/29 (17:28:34) | WARNING: Intel GPU: Failed to initialize PMU

2025/04/29 (17:28:56) | ===> btop++ v.1.4.0
2025/04/29 (17:28:56) | WARNING: Intel GPU: Failed to initialize PMU

2025/04/29 (18:02:01) | ===> btop++ v.1.4.0
2025/04/29 (18:02:01) | WARNING: Intel GPU: Failed to initialize PMU

2025/04/30 (11:37:47) | ===> btop++ v.1.4.0
2025/04/30 (11:37:47) | WARNING: Intel GPU: Failed to initialize PMU

2025/04/30 (17:19:23) | ===> btop++ v.1.4.0
2025/04/30 (17:19:23) | WARNING: Intel GPU: Failed to initialize PMU
